PGD Gene ID	Locus Tag
PGD134012	PA0001
PGD134018	PA0002
PGD134020	PA0003
PGD134022	PA0004
PGD134024	PA0005
PGD134014	PA0006
PGD134016	PA0007
PGD134026	PA0008
PGD134030	PA0009
PGD134032	PA0010
PGD134034	PA0011
PGD134036	PA0012
PGD134038	PA0013
PGD134040	PA0014
PGD134042	PA0015
PGD134044	PA0016
PGD134046	PA0017
PGD134048	PA0018
PGD134050	PA0019
PGD134052	PA0020
PGD134054	PA0021
PGD134056	PA0022
PGD134058	PA0023
PGD134060	PA0024
PGD134062	PA0025
PGD102791	PA0026
PGD102793	PA0027
PGD102795	PA0028
PGD102799	PA0030
PGD102801	PA0031
PGD102787	PA0032
PGD102783	PA0033
PGD102803	PA0035
PGD102805	PA0036
PGD102807	PA0037
PGD102809	PA0038
PGD102811	PA0039
PGD102819	PA0042
PGD102817	PA0043
PGD102821	PA0044
PGD102823	PA0045
PGD102825	PA0046
PGD102827	PA0047
PGD102829	PA0048
PGD102831	PA0049
PGD102833	PA0050
PGD102835	PA0051
PGD102837	PA0052
PGD102839	PA0053
PGD102841	PA0054
PGD102843	PA0055
PGD102847	PA0057
PGD102849	PA0058
PGD102851	PA0059
PGD102853	PA0060
PGD102855	PA0061
PGD102857	PA0062
PGD102859	PA0063
PGD102861	PA0064
PGD102863	PA0065
PGD102865	PA0066
PGD102867	PA0067
PGD102869	PA0068
PGD102871	PA0069
PGD102873	PA0070
PGD102875	PA0071
PGD102877	PA0072
PGD102879	PA0073
PGD102885	PA0076
PGD102905	PA0086
PGD102917	PA0092
PGD102921	PA0094
PGD102925	PA0096
PGD102927	PA0097
PGD102929	PA0098
PGD102931	PA0099
PGD102933	PA0100
PGD102935	PA0101
PGD102937	PA0102
PGD102939	PA0103
PGD102941	PA0104
PGD102943	PA0105
PGD102947	PA0107
PGD102951	PA0109
PGD102953	PA0110
PGD102955	PA0111
PGD102957	PA0112
PGD102961	PA0114
PGD102963	PA0115
PGD102967	PA0117
PGD102969	PA0118
PGD102971	PA0119
PGD102973	PA0120
PGD102975	PA0121
PGD102977	PA0122
PGD102979	PA0123
PGD102981	PA0124
PGD102983	PA0125
PGD102985	PA0126
PGD102987	PA0127
PGD102989	PA0128
PGD102991	PA0129
PGD102993	PA0130
PGD102995	PA0131
PGD102999	PA0133
PGD103001	PA0134
PGD103003	PA0135
PGD103007	PA0137
PGD103009	PA0138
PGD103011	PA0139
PGD103013	PA0140
PGD103017	PA0142
PGD103019	PA0143
PGD103021	PA0144
PGD103023	PA0145
PGD103025	PA0146
PGD103027	PA0147
PGD103029	PA0148
PGD103033	PA0150
PGD103037	PA0152
PGD103039	PA0153
PGD103041	PA0154
PGD103047	PA0157
PGD103053	PA0160
PGD103055	PA0161
PGD103057	PA0162
PGD103059	PA0163
PGD103061	PA0164
PGD103063	PA0165
PGD103067	PA0167
PGD103069	PA0168
PGD103073	PA0170
PGD103075	PA0171
PGD103077	PA0172
PGD103081	PA0174
PGD103083	PA0175
PGD103085	PA0176
PGD103087	PA0177
PGD103089	PA0178
PGD103091	PA0179
PGD103093	PA0180
PGD103095	PA0181
PGD103099	PA0183
PGD103103	PA0185
PGD103107	PA0187
PGD103109	PA0188
PGD103113	PA0190
PGD103119	PA0193
PGD103121	PA0194
PGD103123	PA0195
PGD103125	PA0195.1
PGD103127	PA0196
PGD103129	PA0197
PGD103131	PA0198
PGD103133	PA0199
PGD103135	PA0200
PGD103137	PA0201
PGD103149	PA0207
PGD103151	PA0208
PGD103153	PA0209
PGD103155	PA0210
PGD103157	PA0211
PGD103159	PA0212
PGD103161	PA0213
PGD103163	PA0214
PGD103165	PA0215
PGD103167	PA0216
PGD103169	PA0217
PGD103173	PA0219
PGD103177	PA0221
PGD103179	PA0222
PGD103185	PA0225
PGD103187	PA0226
PGD103189	PA0227
PGD103191	PA0228
PGD103193	PA0229
PGD103195	PA0230
PGD103203	PA0234
PGD103207	PA0236
PGD103211	PA0238
PGD103219	PA0242
PGD103223	PA0244
PGD103225	PA0245
PGD103227	PA0246
PGD103229	PA0247
PGD103235	PA0250
PGD103237	PA0251
PGD103239	PA0252
PGD103241	PA0253
PGD103243	PA0254
PGD103245	PA0255
PGD103247	PA0256
PGD103251	PA0258
PGD103253	PA0259
PGD103255	PA0260
PGD103257	PA0261
PGD103265	PA0264
PGD103267	PA0265
PGD103269	PA0266
PGD103271	PA0267
PGD103273	PA0268
PGD103277	PA0270
PGD103285	PA0274
PGD103289	PA0276
PGD103291	PA0277
PGD103293	PA0278
PGD103295	PA0279
PGD103297	PA0280
PGD103299	PA0281
PGD103301	PA0282
PGD103303	PA0283
PGD103305	PA0284
PGD103307	PA0285
PGD103309	PA0286
PGD103313	PA0288
PGD103315	PA0289
PGD103317	PA0290
PGD103319	PA0291
PGD103321	PA0292
PGD103325	PA0294
PGD103327	PA0295
PGD103331	PA0297
PGD103333	PA0298
PGD103335	PA0299
PGD103337	PA0300
PGD103339	PA0301
PGD103341	PA0302
PGD103343	PA0303
PGD103345	PA0304
PGD103347	PA0305
PGD103349	PA0306
PGD21174452	PA0306.1
PGD103351	PA0307
PGD103353	PA0308
PGD103355	PA0309
PGD103357	PA0310
PGD103359	PA0311
PGD103361	PA0312
PGD103363	PA0313
PGD103365	PA0314
PGD103367	PA0315
PGD103369	PA0316
PGD103371	PA0317
PGD103373	PA0318
PGD103375	PA0319
PGD103377	PA0320
PGD103379	PA0321
PGD103391	PA0327
PGD103393	PA0328
PGD103395	PA0329
PGD103397	PA0330
PGD103401	PA0332
PGD103405	PA0334
PGD103407	PA0335
PGD103409	PA0336
PGD103411	PA0337
PGD103413	PA0338
PGD103415	PA0339
PGD103417	PA0340
PGD103419	PA0341
PGD103421	PA0342
PGD103423	PA0343
PGD103425	PA0344
PGD103427	PA0345
PGD103429	PA0346
PGD103433	PA0348
PGD103435	PA0349
PGD103437	PA0350
PGD103439	PA0351
PGD103443	PA0353
PGD103445	PA0354
PGD103449	PA0356
PGD103451	PA0357
PGD103453	PA0358
PGD103455	PA0359
PGD103461	PA0362
PGD103463	PA0363
PGD103465	PA0364
PGD103467	PA0365
PGD103469	PA0366
PGD103471	PA0367
PGD103473	PA0368
PGD103475	PA0369
PGD103477	PA0370
PGD103479	PA0371
PGD103481	PA0372
PGD103483	PA0373
PGD103485	PA0374
PGD103487	PA0375
PGD103489	PA0376
PGD103491	PA0377
PGD103493	PA0378
PGD103495	PA0379
PGD103497	PA0380
PGD103499	PA0381
PGD103501	PA0382
PGD103503	PA0383
PGD103505	PA0384
PGD103507	PA0385
PGD103509	PA0386
PGD103511	PA0387
PGD103513	PA0388
PGD103515	PA0389
PGD103517	PA0390
PGD103519	PA0391
PGD103521	PA0392
PGD103523	PA0393
PGD103525	PA0394
PGD103527	PA0395
PGD103529	PA0396
PGD103533	PA0398
PGD103535	PA0399
PGD103539	PA0401
PGD103541	PA0402
PGD103543	PA0403
PGD103545	PA0404
PGD103547	PA0405
PGD103549	PA0406
PGD103551	PA0407
PGD103553	PA0408
PGD103555	PA0409
PGD103557	PA0410
PGD103559	PA0411
PGD103563	PA0413
PGD103565	PA0414
PGD103567	PA0415
PGD103569	PA0416
PGD103571	PA0417
PGD103573	PA0418
PGD103575	PA0419
PGD103577	PA0420
PGD103579	PA0421
PGD103581	PA0422
PGD103583	PA0423
PGD103585	PA0424
PGD103587	PA0425
PGD103591	PA0427
PGD103593	PA0428
PGD103595	PA0429
PGD103597	PA0430
PGD103599	PA0431
PGD103601	PA0432
PGD103603	PA0433
PGD103605	PA0434
PGD103607	PA0435
PGD103609	PA0436
PGD103611	PA0437
PGD103613	PA0438
PGD103617	PA0440
PGD103621	PA0442
PGD103623	PA0443
PGD103625	PA0444
PGD103629	PA0446
PGD103631	PA0447
PGD103635	PA0449
PGD103639	PA0451
PGD103641	PA0452
PGD103643	PA0453
PGD103645	PA0454
PGD103647	PA0455
PGD103651	PA0457
PGD267066	PA0457.1
PGD103653	PA0458
PGD103657	PA0460
PGD103661	PA0462
PGD103663	PA0463
PGD103665	PA0464
PGD103667	PA0465
PGD103669	PA0466
PGD103673	PA0468
PGD103675	PA0469
PGD103683	PA0473
PGD103685	PA0474
PGD103689	PA0476
PGD103693	PA0478
PGD103695	PA0479
PGD103697	PA0480
PGD103699	PA0481
PGD103701	PA0482
PGD103703	PA0483
PGD103705	PA0484
PGD103707	PA0485
PGD103709	PA0486
PGD103711	PA0487
PGD103713	PA0488
PGD103715	PA0489
PGD103717	PA0490
PGD103721	PA0492
PGD103723	PA0493
PGD103725	PA0494
PGD103727	PA0495
PGD103735	PA0499
PGD103737	PA0500
PGD103739	PA0501
PGD103741	PA0502
PGD103743	PA0503
PGD103745	PA0504
PGD103747	PA0505
PGD103757	PA0510
PGD103759	PA0511
PGD103761	PA0512
PGD103763	PA0513
PGD103765	PA0514
PGD103767	PA0515
PGD103771	PA0517
PGD103773	PA0518
PGD103775	PA0519
PGD103777	PA0520
PGD103779	PA0521
PGD103781	PA0522
PGD103783	PA0523
PGD103785	PA0524
PGD103787	PA0525
PGD103789	PA0526
PGD103791	PA0527
PGD103793	PA0528
PGD103797	PA0530
PGD103801	PA0532
PGD103803	PA0533
PGD103805	PA0534
PGD103813	PA0538
PGD103815	PA0539
PGD103817	PA0540
PGD103819	PA0541
PGD103821	PA0542
PGD103823	PA0543
PGD103825	PA0544
PGD103827	PA0545
PGD103829	PA0546
PGD103831	PA0547
PGD103833	PA0548
PGD103835	PA0549
PGD103839	PA0551
PGD103841	PA0552
PGD103843	PA0553
PGD103845	PA0554
PGD103847	PA0555
PGD103849	PA0556
PGD103851	PA0557
PGD103855	PA0559
PGD103857	PA0560
PGD103859	PA0561
PGD103863	PA0563
PGD103869	PA0566
PGD103871	PA0567
PGD103873	PA0568
PGD103875	PA0569
PGD103877	PA0570
PGD103879	PA0571
PGD103881	PA0572
PGD103883	PA0573
PGD103889	PA0575
PGD103891	PA0576
PGD103893	PA0577
PGD103895	PA0578
PGD103897	PA0579
PGD103899	PA0580
PGD103901	PA0581
PGD103903	PA0582
PGD103905	PA0583
PGD103907	PA0584
PGD103909	PA0585
PGD103911	PA0586
PGD103913	PA0587
PGD103915	PA0588
PGD103917	PA0589
PGD103919	PA0590
PGD103921	PA0591
PGD103923	PA0592
PGD103925	PA0593
PGD103927	PA0594
PGD103929	PA0595
PGD103931	PA0596
PGD103933	PA0597
PGD103935	PA0598
PGD103937	PA0599
PGD103939	PA0600
PGD103941	PA0601
PGD103943	PA0602
PGD103945	PA0603
PGD103947	PA0604
PGD103949	PA0605
PGD103951	PA0606
PGD103953	PA0607
PGD103955	PA0608
PGD103957	PA0609
PGD103959	PA0610
PGD103965	PA0613
PGD103967	PA0614
PGD103969	PA0615
PGD103971	PA0616
PGD103973	PA0617
PGD103975	PA0618
PGD103977	PA0619
PGD103979	PA0620
PGD103981	PA0621
PGD103983	PA0622
PGD103985	PA0623
PGD103987	PA0624
PGD103989	PA0625
PGD103991	PA0626
PGD103993	PA0627
PGD103995	PA0628
PGD103997	PA0629
PGD103999	PA0630
PGD104001	PA0631
PGD104003	PA0632
PGD104005	PA0633
PGD104007	PA0634
PGD104009	PA0635
PGD104011	PA0636
PGD104013	PA0637
PGD104015	PA0638
PGD104017	PA0639
PGD104019	PA0640
PGD104021	PA0641
PGD104023	PA0642
PGD104027	PA0644
PGD104029	PA0645
PGD104033	PA0647
PGD104035	PA0648
PGD104037	PA0649
PGD104039	PA0650
PGD104041	PA0651
PGD104045	PA0653
PGD104047	PA0654
PGD104049	PA0655
PGD104053	PA0657
PGD104055	PA0658
PGD104057	PA0659
PGD104059	PA0660
PGD104061	PA0661
PGD104063	PA0662
PGD104065	PA0663
PGD104067	PA0664
PGD104069	PA0665
PGD104071	PA0666
PGD104073	PA0667
PGD104075	PA0668
PGD104087	PA0669
PGD104089	PA0670
PGD104091	PA0671
PGD104093	PA0672
PGD104095	PA0673
PGD104097	PA0674
PGD104099	PA0675
PGD104101	PA0676
PGD104105	PA0678
PGD104107	PA0679
PGD104109	PA0680
PGD104115	PA0683
PGD104117	PA0684
PGD104125	PA0688
PGD104127	PA0689
PGD104129	PA0690
PGD104135	PA0693
PGD104137	PA0694
PGD104139	PA0695
PGD104141	PA0696
PGD104143	PA0697
PGD104145	PA0698
PGD104147	PA0699
PGD104149	PA0700
PGD104151	PA0701
PGD104155	PA0703
PGD104163	PA0707
PGD104165	PA0708
PGD21174454	PA0708.1
PGD104167	PA0709
PGD104169	PA0710
PGD104173	PA0712
PGD104175	PA0713
PGD104177	PA0714
PGD104179	PA0715
PGD104181	PA0716
PGD104183	PA0717
PGD104185	PA0718
PGD104187	PA0719
PGD104189	PA0720
PGD104191	PA0721
PGD104193	PA0722
PGD104195	PA0723
PGD104197	PA0724
PGD104199	PA0725
PGD104201	PA0726
PGD104203	PA0727
PGD104207	PA0729
PGD104211	PA0730
PGD104213	PA0731
PGD104215	PA0732
PGD104217	PA0733
PGD104219	PA0734
PGD104221	PA0735
PGD104223	PA0736
PGD104225	PA0737
PGD104227	PA0738
PGD104231	PA0740
PGD104235	PA0742
PGD104239	PA0744
PGD104243	PA0746
PGD104248	PA0749
PGD104250	PA0750
PGD104252	PA0751
PGD104254	PA0752
PGD104256	PA0753
PGD104258	PA0754
PGD104262	PA0756
PGD104264	PA0757
PGD104266	PA0758
PGD104268	PA0759
PGD104270	PA0760
PGD104272	PA0761
PGD104274	PA0762
PGD104276	PA0763
PGD104278	PA0764
PGD104280	PA0765
PGD104282	PA0766
PGD104284	PA0767
PGD104286	PA0768
PGD104288	PA0769
PGD104290	PA0770
PGD104292	PA0771
PGD104294	PA0772
PGD104296	PA0773
PGD104298	PA0774
PGD104300	PA0775
PGD104302	PA0776
PGD104306	PA0778
PGD104308	PA0779
PGD104312	PA0781
PGD104314	PA0782
PGD104316	PA0783
PGD104318	PA0784
PGD104320	PA0785
PGD104322	PA0786
PGD104324	PA0787
PGD104326	PA0788
PGD104330	PA0790
PGD104334	PA0792
PGD104336	PA0793
PGD104340	PA0795
PGD104342	PA0796
PGD104344	PA0797
PGD104348	PA0799
PGD104350	PA0800
PGD104354	PA0802
PGD104356	PA0803
PGD104358	PA0804
PGD104360	PA0805
PGD104362	PA0806
PGD104364	PA0807
PGD104366	PA0808
PGD104368	PA0809
PGD104370	PA0810
PGD104372	PA0811
PGD104374	PA0812
PGD104378	PA0814
PGD104380	PA0815
PGD104382	PA0816
PGD104384	PA0817
PGD104386	PA0818
PGD104388	PA0819
PGD104390	PA0820
PGD104394	PA0822
PGD104396	PA0823
PGD104400	PA0825
PGD104402	PA0826
PGD104404	PA0826.1
PGD104408	PA0827
PGD104414	PA0830
PGD104420	PA0833
PGD104424	PA0835
PGD104426	PA0836
PGD104428	PA0837
PGD104430	PA0838
PGD104434	PA0840
PGD104436	PA0841
PGD104440	PA0843
PGD104442	PA0844
PGD104444	PA0845
PGD104446	PA0846
PGD104448	PA0847
PGD104450	PA0848
PGD104454	PA0850
PGD104456	PA0851
PGD104458	PA0852
PGD21174456	PA0852.1
PGD104462	PA0854
PGD104464	PA0855
PGD104466	PA0856
PGD104468	PA0857
PGD104470	PA0858
PGD104472	PA0859
PGD104474	PA0860
PGD104476	PA0861
PGD104478	PA0862
PGD104480	PA0863
PGD104482	PA0864
PGD104484	PA0865
PGD104488	PA0867
PGD104490	PA0868
PGD104492	PA0869
PGD104494	PA0870
PGD104496	PA0871
PGD104498	PA0872
PGD104500	PA0873
PGD104502	PA0874
PGD104506	PA0876
PGD104508	PA0877
PGD104510	PA0878
PGD104512	PA0879
PGD104516	PA0881
PGD104518	PA0882
PGD104520	PA0883
PGD104530	PA0888
PGD104534	PA0890
PGD104536	PA0891
PGD104538	PA0892
PGD104540	PA0893
PGD104542	PA0894
PGD104544	PA0895
PGD104546	PA0896
PGD104548	PA0897
PGD104550	PA0898
PGD104552	PA0899
PGD104554	PA0900
PGD104556	PA0901
PGD104560	PA0903
PGD104562	PA0904
PGD104564	PA0905
PGD104574	PA0907
PGD104576	PA0908
PGD104578	PA0909
PGD104580	PA0910
PGD104582	PA0911
PGD104584	PA0912
PGD104586	PA0913
PGD104588	PA0914
PGD104590	PA0915
PGD104592	PA0916
PGD104594	PA0917
PGD104596	PA0918
PGD104598	PA0919
PGD104600	PA0920
PGD104602	PA0921
PGD104604	PA0922
PGD104608	PA0923
PGD104610	PA0924
PGD104612	PA0925
PGD104614	PA0926
PGD104618	PA0928
PGD104620	PA0929
PGD104622	PA0930
PGD104626	PA0932
PGD104628	PA0933
PGD104630	PA0934
PGD104632	PA0935
PGD104634	PA0936
PGD104636	PA0937
PGD104640	PA0939
PGD104642	PA0940
PGD104644	PA0941
PGD104646	PA0942
PGD104648	PA0943
PGD104650	PA0944
PGD104652	PA0945
PGD104654	PA0946
PGD104656	PA0947
PGD104658	PA0948
PGD104660	PA0949
PGD104662	PA0950
PGD104666	PA0952
PGD104668	PA0953
PGD104670	PA0954
PGD104672	PA0955
PGD104674	PA0956
PGD104676	PA0957
PGD104680	PA0959
PGD104682	PA0960
PGD104684	PA0961
PGD104686	PA0962
PGD104688	PA0963
PGD104690	PA0964
PGD104692	PA0965
PGD104694	PA0966
PGD104696	PA0967
PGD104698	PA0968
PGD104700	PA0969
PGD104702	PA0970
PGD104704	PA0971
PGD104706	PA0972
PGD104708	PA0973
PGD104710	PA0974
PGD104712	PA0975
PGD104714	PA0976
PGD104718	PA0977
PGD104724	PA0980
PGD104726	PA0981
PGD104728	PA0982
PGD104732	PA0984
PGD104736	PA0986
PGD104740	PA0988
PGD104742	PA0989
PGD104744	PA0990
PGD104746	PA0991
PGD104754	PA0995
PGD104756	PA0996
PGD104758	PA0997
PGD104760	PA0998
PGD104764	PA1000
PGD104766	PA1001
PGD104768	PA1002
PGD104770	PA1003
PGD104772	PA1004
PGD104774	PA1005
PGD104776	PA1006
PGD104778	PA1007
PGD104780	PA1008
PGD104782	PA1009
PGD104784	PA1010
PGD104786	PA1011
PGD104788	PA1012
PGD104790	PA1013
PGD104796	PA1015
PGD104798	PA1016
PGD104800	PA1017
PGD104802	PA1018
PGD104804	PA1019
PGD104806	PA1020
PGD104808	PA1021
PGD104810	PA1022
PGD104812	PA1023
PGD104814	PA1024
PGD104816	PA1025
PGD104818	PA1026
PGD104820	PA1027
PGD104822	PA1028
PGD104824	PA1029
PGD104826	PA1030
PGD104828	PA1031
PGD104830	PA1032
PGD104834	PA1034
PGD104836	PA1035
PGD104838	PA1036
PGD104840	PA1037
PGD104842	PA1038
PGD104844	PA1039
PGD104846	PA1040
PGD104848	PA1041
PGD104850	PA1042
PGD104852	PA1043
PGD104854	PA1044
PGD104856	PA1045
PGD104858	PA1046
PGD104860	PA1047
PGD104862	PA1048
PGD104864	PA1049
PGD104866	PA1050
PGD104870	PA1052
PGD104872	PA1053
PGD104876	PA1055
PGD104878	PA1056
PGD104880	PA1057
PGD104882	PA1058
PGD104884	PA1059
PGD104886	PA1060
PGD104888	PA1061
PGD104890	PA1062
PGD104892	PA1063
PGD104894	PA1064
PGD104896	PA1065
PGD104898	PA1066
PGD104900	PA1067
PGD104902	PA1068
PGD104904	PA1069
PGD104906	PA1070
PGD104908	PA1071
PGD104910	PA1072
PGD104912	PA1073
PGD104914	PA1074
PGD104916	PA1075
PGD104920	PA1077
PGD104922	PA1078
PGD104924	PA1079
PGD104926	PA1080
PGD104928	PA1081
PGD104930	PA1082
PGD104932	PA1083
PGD104934	PA1084
PGD104936	PA1085
PGD104938	PA1086
PGD104940	PA1087
PGD104944	PA1089
PGD104946	PA1090
PGD104950	PA1092
PGD104952	PA1093
PGD104954	PA1094
PGD104956	PA1095
PGD104958	PA1096
PGD104960	PA1097
PGD104962	PA1098
PGD104964	PA1099
PGD104966	PA1100
PGD104968	PA1101
PGD104970	PA1102
PGD104972	PA1103
PGD104974	PA1104
PGD104976	PA1105
PGD104978	PA1106
PGD104982	PA1108
PGD104984	PA1109
PGD104986	PA1110
PGD104988	PA1111
PGD104992	PA1112
PGD104994	PA1113
PGD104996	PA1114
PGD104998	PA1115
PGD105000	PA1116
PGD105002	PA1117
PGD105004	PA1118
PGD105006	PA1119
PGD105008	PA1120
PGD105010	PA1121
PGD105012	PA1122
PGD105014	PA1123
PGD105016	PA1124
PGD105018	PA1125
PGD105020	PA1126
PGD105026	PA1129
PGD105028	PA1130
PGD105030	PA1131
PGD105032	PA1132
PGD105034	PA1133
PGD105036	PA1134
PGD105042	PA1137
PGD105046	PA1139
PGD105048	PA1140
PGD105052	PA1142
PGD105056	PA1144
PGD105058	PA1145
PGD105064	PA1148
PGD105066	PA1149
PGD105070	PA1151
PGD105072	PA1152
PGD105076	PA1154
PGD105078	PA1155
PGD105080	PA1156
PGD105082	PA1157
PGD105084	PA1158
PGD105086	PA1159
PGD105088	PA1160
PGD105090	PA1161
PGD105092	PA1162
PGD105096	PA1164
PGD105098	PA1165
PGD105104	PA1168
PGD105106	PA1169
PGD105108	PA1170
PGD105110	PA1171
PGD105112	PA1172
PGD105114	PA1173
PGD105116	PA1174
PGD105118	PA1175
PGD105120	PA1176
PGD105122	PA1177
PGD105124	PA1178
PGD105126	PA1179
PGD105128	PA1180
PGD105130	PA1181
PGD105134	PA1183
PGD105138	PA1185
PGD105140	PA1186
PGD105144	PA1188
PGD105146	PA1189
PGD105148	PA1190
PGD105150	PA1191
PGD105152	PA1192
PGD105154	PA1193
PGD105156	PA1194
PGD105158	PA1195
PGD105160	PA1196
PGD105162	PA1197
PGD105164	PA1198
PGD105166	PA1199
PGD105168	PA1200
PGD105176	PA1204
PGD105178	PA1205
PGD105180	PA1206
PGD105182	PA1207
PGD105186	PA1209
PGD105188	PA1210
PGD105190	PA1211
PGD105192	PA1212
PGD105194	PA1213
PGD105196	PA1214
PGD105198	PA1215
PGD105202	PA1217
PGD105204	PA1218
PGD105206	PA1219
PGD105208	PA1220
PGD105210	PA1221
PGD105212	PA1222
PGD105222	PA1227
PGD105224	PA1228
PGD105226	PA1229
PGD105228	PA1230
PGD105230	PA1231
PGD105232	PA1232
PGD105234	PA1233
PGD105236	PA1234
PGD105240	PA1236
PGD105244	PA1238
PGD105248	PA1240
PGD105250	PA1241
PGD105252	PA1242
PGD105256	PA1244
PGD105258	PA1245
PGD105268	PA1250
PGD105272	PA1252
PGD105280	PA1256
PGD105282	PA1257
PGD105284	PA1258
PGD105286	PA1259
PGD105290	PA1261
PGD105294	PA1263
PGD105300	PA1266
PGD105302	PA1267
PGD105312	PA1272
PGD105314	PA1273
PGD105316	PA1274
PGD105318	PA1275
PGD105320	PA1276
PGD105322	PA1277
PGD105324	PA1278
PGD105326	PA1279
PGD105328	PA1280
PGD105330	PA1281
PGD105334	PA1283
PGD105338	PA1285
PGD105340	PA1286
PGD105342	PA1287
PGD105344	PA1288
PGD105346	PA1289
PGD105348	PA1290
PGD105352	PA1292
PGD105354	PA1293
PGD105356	PA1294
PGD105358	PA1295
PGD105360	PA1296
PGD105364	PA1298
PGD105366	PA1299
PGD105368	PA1300
PGD105370	PA1301
PGD105372	PA1302
PGD105374	PA1303
PGD105376	PA1304
PGD105378	PA1305
PGD105380	PA1306
PGD105382	PA1307
PGD105384	PA1308
PGD105386	PA1309
PGD105388	PA1310
PGD105390	PA1311
PGD105394	PA1313
PGD105396	PA1314
PGD105402	PA1317
PGD105408	PA1320
PGD105414	PA1323
PGD105416	PA1324
PGD105418	PA1325
PGD105422	PA1327
PGD105424	PA1328
PGD105426	PA1329
PGD105428	PA1330
PGD105430	PA1331
PGD105432	PA1332
PGD105434	PA1333
PGD105438	PA1335
PGD105440	PA1336
PGD105442	PA1337
PGD105446	PA1339
PGD105450	PA1341
PGD105452	PA1342
PGD105454	PA1343
PGD105456	PA1344
PGD105460	PA1346
PGD105462	PA1347
PGD105464	PA1348
PGD105466	PA1349
PGD105468	PA1350
PGD105472	PA1352
PGD105474	PA1353
PGD105476	PA1354
PGD105478	PA1355
PGD105480	PA1356
PGD105482	PA1357
PGD105484	PA1358
PGD105488	PA1360
PGD105492	PA1362
PGD105494	PA1363
PGD105496	PA1364
PGD105498	PA1365
PGD105506	PA1369
PGD105508	PA1370
PGD105510	PA1371
PGD105512	PA1372
PGD105514	PA1373
PGD105518	PA1375
PGD105520	PA1376
PGD105524	PA1378
PGD105530	PA1381
PGD105534	PA1383
PGD105536	PA1384
PGD105542	PA1387
PGD105544	PA1388
PGD105546	PA1389
PGD105552	PA1392
PGD105554	PA1393
PGD105556	PA1394
PGD105558	PA1395
PGD105560	PA1396
PGD105564	PA1398
PGD105566	PA1399
PGD105568	PA1400
PGD105570	PA1401
PGD105572	PA1402
PGD105574	PA1403
PGD105576	PA1404
PGD105578	PA1405
PGD105580	PA1406
PGD105582	PA1407
PGD105584	PA1408
PGD105586	PA1409
PGD105588	PA1410
PGD105592	PA1412
PGD105594	PA1413
PGD105596	PA1414
PGD105598	PA1415
PGD105600	PA1416
PGD105602	PA1417
PGD105606	PA1419
PGD105608	PA1420
PGD105610	PA1421
PGD105612	PA1422
PGD105614	PA1423
PGD105616	PA1424
PGD105618	PA1425
PGD105620	PA1426
PGD105622	PA1427
PGD105630	PA1431
PGD105632	PA1432
PGD105634	PA1433
PGD105636	PA1434
PGD105638	PA1435
PGD105646	PA1439
PGD105648	PA1440
PGD105650	PA1441
PGD105652	PA1442
PGD105654	PA1443
PGD105656	PA1444
PGD105658	PA1445
PGD105660	PA1446
PGD105662	PA1447
PGD105664	PA1448
PGD105666	PA1449
PGD105672	PA1452
PGD105674	PA1453
PGD105676	PA1454
PGD105678	PA1455
PGD105680	PA1456
PGD105682	PA1457
PGD105684	PA1458
PGD105686	PA1459
PGD105688	PA1460
PGD105690	PA1461
PGD105692	PA1462
PGD105694	PA1463
PGD105696	PA1464
PGD105698	PA1465
PGD105700	PA1466
PGD105702	PA1467
PGD105704	PA1468
PGD105706	PA1469
PGD105708	PA1470
PGD105710	PA1471
PGD105714	PA1473
PGD105716	PA1474
PGD105718	PA1475
PGD105720	PA1476
PGD105722	PA1477
PGD105724	PA1478
PGD105726	PA1479
PGD105728	PA1480
PGD105730	PA1481
PGD105732	PA1482
PGD105734	PA1483
PGD105740	PA1486
PGD105742	PA1487
PGD105744	PA1488
PGD105746	PA1489
PGD105748	PA1490
PGD105750	PA1491
PGD105752	PA1492
PGD105754	PA1493
PGD105756	PA1494
PGD105758	PA1495
PGD105760	PA1496
PGD105762	PA1497
PGD105764	PA1498
PGD105766	PA1499
PGD105768	PA1500
PGD105772	PA1502
PGD105776	PA1504
PGD105780	PA1506
PGD105782	PA1507
PGD105786	PA1509
PGD105788	PA1510
PGD105794	PA1513
PGD105796	PA1514
PGD105798	PA1515
PGD105800	PA1516
PGD105802	PA1517
PGD105804	PA1518
PGD105806	PA1519
PGD105808	PA1520
PGD105810	PA1521
PGD105812	PA1522
PGD105814	PA1523
PGD105816	PA1524
PGD105820	PA1526
PGD105822	PA1527
PGD105824	PA1528
PGD105826	PA1529
PGD105828	PA1530
PGD105834	PA1532
PGD105836	PA1533
PGD105838	PA1534
PGD105840	PA1535
PGD105842	PA1536
PGD105844	PA1537
PGD105848	PA1539
PGD105850	PA1540
PGD105852	PA1541
PGD105854	PA1542
PGD105856	PA1543
PGD105858	PA1544
PGD105860	PA1545
PGD105862	PA1546
PGD105864	PA1547
PGD105866	PA1548
PGD105868	PA1549
PGD105870	PA1550
PGD105872	PA1551
PGD105886	PA1558
PGD105888	PA1559
PGD105890	PA1560
PGD105892	PA1561
PGD105896	PA1563
PGD105898	PA1564
PGD105900	PA1565
PGD105904	PA1567
PGD105906	PA1568
PGD105910	PA1570
PGD105912	PA1571
PGD105914	PA1572
PGD105916	PA1573
PGD105918	PA1574
PGD105920	PA1575
PGD105922	PA1576
PGD105924	PA1577
PGD105926	PA1578
PGD105928	PA1579
PGD105930	PA1580
PGD105932	PA1581
PGD105934	PA1582
PGD105936	PA1583
PGD105938	PA1584
PGD105940	PA1585
PGD105942	PA1586
PGD105944	PA1587
PGD105946	PA1588
PGD105948	PA1589
PGD105952	PA1591
PGD105954	PA1592
PGD105956	PA1593
PGD105958	PA1594
PGD105960	PA1595
PGD105962	PA1596
PGD105966	PA1598
PGD105968	PA1599
PGD105976	PA1603
PGD105978	PA1604
PGD105980	PA1605
PGD105982	PA1606
PGD105988	PA1609
PGD105990	PA1610
PGD105992	PA1611
PGD105994	PA1612
PGD105996	PA1613
PGD105998	PA1614
PGD106000	PA1615
PGD106002	PA1616
PGD106004	PA1617
PGD106006	PA1618
PGD106008	PA1619
PGD106012	PA1621
PGD106014	PA1622
PGD106018	PA1624
PGD106020	PA1625
PGD106030	PA1630
PGD106032	PA1631
PGD106034	PA1632
PGD106036	PA1633
PGD106038	PA1634
PGD106040	PA1635
PGD106042	PA1636
PGD106044	PA1637
PGD106046	PA1638
PGD106048	PA1639
PGD106050	PA1640
PGD106052	PA1641
PGD106054	PA1642
PGD106056	PA1643
PGD106058	PA1644
PGD106060	PA1645
PGD106062	PA1646
PGD106066	PA1648
PGD106072	PA1651
PGD106074	PA1652
PGD106076	PA1653
PGD106096	PA1663
PGD106098	PA1664
PGD106114	PA1672
PGD106116	PA1673
PGD106118	PA1674
PGD106120	PA1675
PGD106122	PA1676
PGD106124	PA1677
PGD106126	PA1678
PGD106128	PA1679
PGD106130	PA1680
PGD106132	PA1681
PGD106134	PA1682
PGD106136	PA1683
PGD106138	PA1684
PGD106140	PA1685
PGD106142	PA1686
PGD106146	PA1688
PGD106148	PA1689
PGD106150	PA1690
PGD106152	PA1691
PGD106154	PA1692
PGD106156	PA1693
PGD106158	PA1694
PGD106160	PA1695
PGD106162	PA1696
PGD106164	PA1697
PGD106166	PA1698
PGD106168	PA1699
PGD106170	PA1700
PGD106172	PA1701
PGD106174	PA1702
PGD106176	PA1703
PGD106178	PA1704
PGD106180	PA1705
PGD106182	PA1706
PGD106184	PA1707
PGD106186	PA1708
PGD106188	PA1709
PGD106190	PA1710
PGD106192	PA1711
PGD106194	PA1712
PGD106196	PA1713
PGD106198	PA1714
PGD106200	PA1715
PGD106202	PA1716
PGD106204	PA1717
PGD106206	PA1718
PGD106208	PA1719
PGD106210	PA1720
PGD106212	PA1721
PGD106214	PA1722
PGD106216	PA1723
PGD106218	PA1724
PGD106220	PA1725
PGD106222	PA1726
PGD106224	PA1727
PGD106226	PA1728
PGD106230	PA1730
PGD106232	PA1731
PGD106236	PA1733
PGD106238	PA1734
PGD106240	PA1735
PGD106242	PA1736
PGD106244	PA1737
PGD106250	PA1740
PGD106252	PA1741
PGD106254	PA1742
PGD106256	PA1743
PGD106258	PA1744
PGD106260	PA1745
PGD106262	PA1746
PGD106264	PA1747
PGD106266	PA1748
PGD106268	PA1749
PGD106270	PA1750
PGD106272	PA1751
PGD106274	PA1752
PGD106276	PA1753
PGD106278	PA1754
PGD106280	PA1755
PGD106282	PA1756
PGD106284	PA1757
PGD106286	PA1758
PGD106288	PA1759
PGD106290	PA1760
PGD106292	PA1761
PGD106298	PA1764
PGD106300	PA1765
PGD106302	PA1766
PGD106304	PA1767
PGD106306	PA1768
PGD106308	PA1769
PGD106310	PA1770
PGD106312	PA1771
PGD106314	PA1772
PGD106316	PA1773
PGD106318	PA1774
PGD106320	PA1775
PGD106322	PA1776
PGD106324	PA1777
PGD106326	PA1778
PGD106328	PA1779
PGD106332	PA1781
PGD106336	PA1783
PGD106340	PA1785
PGD106344	PA1787
PGD106346	PA1788
PGD106350	PA1790
PGD106352	PA1791
PGD106354	PA1792
PGD106356	PA1793
PGD106358	PA1794
PGD106360	PA1795
PGD106362	PA1796
PGD106374	PA1798
PGD106376	PA1799
PGD106378	PA1800
PGD106380	PA1801
PGD106382	PA1802
PGD106384	PA1803
PGD106386	PA1804
PGD106390	PA1805
PGD106392	PA1806
PGD106394	PA1807
PGD106396	PA1808
PGD106398	PA1809
PGD106402	PA1811
PGD106404	PA1812
PGD106406	PA1813
PGD106408	PA1814
PGD106410	PA1815
PGD106412	PA1816
PGD106414	PA1817
PGD106416	PA1818
PGD106418	PA1819
PGD106420	PA1820
PGD106422	PA1821
PGD106424	PA1822
PGD106426	PA1823
PGD106428	PA1824
PGD106430	PA1825
PGD106434	PA1827
PGD106436	PA1828
PGD106438	PA1829
PGD106440	PA1830
PGD106442	PA1831
PGD106444	PA1832
PGD106446	PA1833
PGD106448	PA1834
PGD106450	PA1835
PGD106454	PA1837
PGD106458	PA1839
PGD106460	PA1840
PGD106462	PA1841
PGD106464	PA1842
PGD106466	PA1843
PGD106468	PA1844
PGD106470	PA1845
PGD106472	PA1846
PGD106474	PA1847
PGD106476	PA1848
PGD106478	PA1849
PGD106484	PA1852
PGD106486	PA1853
PGD106488	PA1854
PGD106490	PA1855
PGD106494	PA1857
PGD106496	PA1858
PGD106498	PA1859
PGD106500	PA1860
PGD106502	PA1861
PGD106504	PA1862
PGD106506	PA1863
PGD106508	PA1864
PGD106510	PA1865
PGD106512	PA1866
PGD106514	PA1867
PGD106518	PA1869
PGD106520	PA1870
PGD106522	PA1871
PGD106524	PA1872
PGD106526	PA1873
PGD106534	PA1877
PGD106536	PA1878
PGD106544	PA1882
PGD106546	PA1883
PGD106548	PA1884
PGD106552	PA1886
PGD106554	PA1887
PGD106556	PA1888
PGD106558	PA1889
PGD106560	PA1890
PGD106562	PA1891
PGD106564	PA1892
PGD106566	PA1893
PGD106568	PA1894
PGD106570	PA1895
PGD106572	PA1896
PGD106578	PA1899
PGD106580	PA1900
PGD106592	PA1906
PGD106594	PA1907
PGD106596	PA1908
PGD106598	PA1909
PGD106600	PA1910
PGD106606	PA1913
PGD106608	PA1914
PGD106610	PA1915
PGD106612	PA1916
PGD106614	PA1917
PGD106616	PA1918
PGD106618	PA1919
PGD106620	PA1920
PGD106628	PA1924
PGD106630	PA1925
PGD106634	PA1927
PGD106638	PA1929
PGD106640	PA1930
PGD106644	PA1932
PGD106646	PA1933
PGD106648	PA1934
PGD106650	PA1935
PGD106652	PA1936
PGD106658	PA1939
PGD106660	PA1940
PGD106662	PA1941
PGD106664	PA1942
PGD106670	PA1945
PGD106672	PA1946
PGD106676	PA1948
PGD106678	PA1949
PGD106680	PA1950
PGD106684	PA1952
PGD106688	PA1954
PGD106690	PA1955
PGD106692	PA1956
PGD106694	PA1957
PGD106696	PA1958
PGD106698	PA1959
PGD106700	PA1960
PGD106704	PA1962
PGD106706	PA1963
PGD106708	PA1964
PGD106710	PA1965
PGD106712	PA1966
PGD106714	PA1967
PGD106716	PA1968
PGD106718	PA1969
PGD106720	PA1970
PGD106726	PA1973
PGD106728	PA1974
PGD106730	PA1975
PGD106732	PA1976
PGD106734	PA1977
PGD106736	PA1978
PGD106738	PA1979
PGD106740	PA1980
PGD106742	PA1981
PGD106744	PA1982
PGD106746	PA1983
PGD106750	PA1985
PGD106752	PA1986
PGD106754	PA1987
PGD106756	PA1988
PGD106758	PA1989
PGD106760	PA1990
PGD106766	PA1993
PGD106768	PA1994
PGD106770	PA1995
PGD106772	PA1996
PGD106774	PA1997
PGD106778	PA1999
PGD106780	PA2000
PGD106782	PA2001
PGD106784	PA2002
PGD106788	PA2004
PGD106790	PA2005
PGD106796	PA2008
PGD106798	PA2009
PGD106800	PA2010
PGD106802	PA2011
PGD106804	PA2012
PGD106806	PA2013
PGD106808	PA2014
PGD106810	PA2015
PGD106812	PA2016
PGD106814	PA2017
PGD106818	PA2019
PGD106820	PA2020
PGD106822	PA2021
PGD106826	PA2023
PGD106830	PA2025
PGD106832	PA2026
PGD106834	PA2027
PGD106836	PA2028
PGD106838	PA2029
PGD106840	PA2030
PGD106842	PA2031
PGD106844	PA2032
PGD106846	PA2033
PGD106850	PA2035
PGD106852	PA2036
PGD106854	PA2037
PGD106856	PA2038
PGD106858	PA2039
PGD106864	PA2042
PGD106866	PA2043
PGD106868	PA2044
PGD106870	PA2045
PGD106872	PA2046
PGD106878	PA2049
PGD106880	PA2050
PGD106882	PA2051
PGD106884	PA2052
PGD106886	PA2053
PGD106888	PA2054
PGD106894	PA2057
PGD106898	PA2059
PGD106900	PA2060
PGD106902	PA2061
PGD106904	PA2062
PGD106908	PA2064
PGD106910	PA2065
PGD106912	PA2066
PGD106916	PA2068
PGD106918	PA2069
PGD106924	PA2072
PGD106926	PA2073
PGD106930	PA2075
PGD106932	PA2076
PGD106934	PA2077
PGD106936	PA2078
PGD106940	PA2080
PGD106942	PA2081
PGD106944	PA2082
PGD106946	PA2083
PGD106948	PA2084
PGD106950	PA2085
PGD106952	PA2086
PGD106954	PA2087
PGD106956	PA2088
PGD106960	PA2090
PGD106962	PA2091
PGD106964	PA2092
PGD106966	PA2093
PGD106968	PA2094
PGD106970	PA2095
PGD106980	PA2100
PGD106982	PA2101
PGD106984	PA2102
PGD106986	PA2103
PGD106988	PA2104
PGD106990	PA2105
PGD106992	PA2106
PGD106994	PA2107
PGD106998	PA2109
PGD107006	PA2113
PGD107008	PA2114
PGD107010	PA2115
PGD107012	PA2116
PGD107014	PA2117
PGD107016	PA2118
PGD107020	PA2120
PGD107024	PA2122
PGD107028	PA2124
PGD107030	PA2125
PGD107032	PA2126
PGD1077079	PA2126.1
PGD107034	PA2127
PGD107040	PA2130
PGD107042	PA2131
PGD107046	PA2133
PGD107048	PA2134
PGD107050	PA2135
PGD107052	PA2136
PGD107054	PA2137
PGD107056	PA2138
PGD107058	PA2139
PGD107060	PA2140
PGD107062	PA2141
PGD107064	PA2142
PGD107066	PA2143
PGD107068	PA2144
PGD107070	PA2145
PGD107076	PA2148
PGD107078	PA2149
PGD107080	PA2150
PGD107082	PA2151
PGD107084	PA2152
PGD107086	PA2153
PGD107088	PA2154
PGD107090	PA2155
PGD107092	PA2156
PGD107094	PA2157
PGD107098	PA2159
PGD107100	PA2160
PGD107102	PA2161
PGD107104	PA2162
PGD107106	PA2163
PGD107108	PA2164
PGD107110	PA2165
PGD107112	PA2166
PGD107114	PA2167
PGD107116	PA2168
PGD107118	PA2169
PGD107120	PA2170
PGD107122	PA2171
PGD107124	PA2172
PGD107126	PA2173
PGD107128	PA2174
PGD107130	PA2175
PGD107132	PA2176
PGD107136	PA2178
PGD107138	PA2179
PGD107140	PA2180
PGD107142	PA2181
PGD107144	PA2182
PGD107148	PA2184
PGD107150	PA2185
PGD107152	PA2186
PGD107154	PA2187
PGD107158	PA2189
PGD107162	PA2191
PGD107164	PA2192
PGD107166	PA2193
PGD107168	PA2194
PGD107170	PA2195
PGD107174	PA2197
PGD107178	PA2199
PGD107180	PA2200
PGD107186	PA2203
PGD107190	PA2205
PGD107194	PA2207
PGD107196	PA2208
PGD107198	PA2209
PGD107202	PA2211
PGD107204	PA2212
PGD107208	PA2214
PGD107212	PA2216
PGD107218	PA2219
PGD107222	PA2221
PGD107224	PA2222
PGD107226	PA2223
PGD107228	PA2224
PGD107230	PA2225
PGD107232	PA2226
PGD107234	PA2227
PGD107240	PA2230
PGD107242	PA2231
PGD107246	PA2233
PGD107248	PA2234
PGD107250	PA2235
PGD107252	PA2236
PGD107254	PA2237
PGD107256	PA2238
PGD107260	PA2240
PGD107262	PA2241
PGD107264	PA2242
PGD107266	PA2243
PGD107268	PA2244
PGD107270	PA2245
PGD107272	PA2246
PGD107278	PA2249
PGD107280	PA2250
PGD107282	PA2251
PGD107284	PA2252
PGD107286	PA2253
PGD107288	PA2254
PGD107290	PA2255
PGD107292	PA2256
PGD107294	PA2257
PGD107298	PA2259
PGD107300	PA2260
PGD107304	PA2262
PGD107306	PA2263
PGD107308	PA2264
PGD107310	PA2265
PGD107314	PA2267
PGD107316	PA2268
PGD107318	PA2269
PGD107324	PA2272
PGD107326	PA2273
PGD107328	PA2274
PGD107330	PA2275
PGD107336	PA2278
PGD107340	PA2280
PGD107342	PA2281
PGD107344	PA2282
PGD107346	PA2283
PGD107348	PA2284
PGD107350	PA2285
PGD107352	PA2286
PGD107354	PA2287
PGD107356	PA2288
PGD107360	PA2290
PGD107364	PA2292
PGD107366	PA2293
PGD107372	PA2296
PGD107374	PA2297
PGD107376	PA2298
PGD107380	PA2300
PGD107382	PA2301
PGD107384	PA2302
PGD107390	PA2305
PGD107392	PA2306
PGD107394	PA2307
PGD107398	PA2309
PGD107402	PA2311
PGD107404	PA2312
PGD107406	PA2313
PGD107408	PA2314
PGD107414	PA2317
PGD107416	PA2318
PGD107420	PA2320
PGD107422	PA2321
PGD107426	PA2323
PGD107428	PA2324
PGD107430	PA2325
PGD107432	PA2326
PGD107440	PA2330
PGD107446	PA2333
PGD107452	PA2336
PGD107454	PA2337
PGD107456	PA2338
PGD107458	PA2339
PGD107460	PA2340
PGD107462	PA2341
PGD107470	PA2345
PGD107472	PA2346
PGD107474	PA2347
PGD107478	PA2349
PGD107480	PA2350
PGD107482	PA2351
PGD107486	PA2353
PGD107490	PA2355
PGD107494	PA2357
PGD107496	PA2358
PGD107502	PA2361
PGD107504	PA2362
PGD107506	PA2363
PGD107508	PA2364
PGD107516	PA2368
PGD107524	PA2372
PGD107528	PA2374
PGD107530	PA2375
PGD107534	PA2377
PGD107540	PA2380
PGD107542	PA2381
PGD107544	PA2382
PGD107546	PA2383
PGD107548	PA2384
PGD107550	PA2385
PGD107552	PA2386
PGD107554	PA2387
PGD107556	PA2388
PGD107558	PA2389
PGD107560	PA2390
PGD107562	PA2391
PGD107564	PA2392
PGD107566	PA2393
PGD107568	PA2394
PGD107570	PA2395
PGD107572	PA2396
PGD107574	PA2397
PGD107584	PA2403
PGD107586	PA2404
PGD107588	PA2405
PGD107590	PA2406
PGD107592	PA2407
PGD107594	PA2408
PGD107596	PA2409
PGD107598	PA2410
PGD107602	PA2412
PGD107604	PA2413
PGD107606	PA2414
PGD107608	PA2415
PGD107610	PA2416
PGD107616	PA2419
PGD107618	PA2420
PGD107622	PA2422
PGD107630	PA2426
PGD107632	PA2427
PGD107636	PA2429
PGD107638	PA2430
PGD107644	PA2433
PGD107646	PA2434
PGD107648	PA2435
PGD107650	PA2436
PGD107652	PA2437
PGD107654	PA2438
PGD107656	PA2439
PGD107658	PA2440
PGD107660	PA2441
PGD107662	PA2442
PGD107670	PA2446
PGD107672	PA2447
PGD107676	PA2449
PGD107678	PA2450
PGD107688	PA2455
PGD107690	PA2456
PGD107692	PA2457
PGD107694	PA2458
PGD107696	PA2459
PGD107698	PA2460
PGD107700	PA2461
PGD107706	PA2464
PGD107718	PA2470
PGD107720	PA2471
PGD107722	PA2472
PGD107730	PA2476
PGD107732	PA2477
PGD107736	PA2479
PGD107738	PA2480
PGD107740	PA2481
PGD107742	PA2482
PGD107744	PA2483
PGD107748	PA2485
PGD107750	PA2486
PGD107752	PA2487
PGD107754	PA2488
PGD107758	PA2490
PGD107760	PA2491
PGD107764	PA2493
PGD107768	PA2495
PGD107770	PA2496
PGD107774	PA2498
PGD107776	PA2499
PGD107780	PA2501
PGD107782	PA2502
PGD107784	PA2503
PGD107786	PA2504
PGD107790	PA2506
PGD107792	PA2507
PGD107794	PA2508
PGD107796	PA2509
PGD107798	PA2510
PGD107808	PA2515
PGD107818	PA2520
PGD107820	PA2521
PGD107822	PA2522
PGD107824	PA2523
PGD107826	PA2524
PGD107828	PA2525
PGD107834	PA2528
PGD107836	PA2529
PGD107838	PA2530
PGD107840	PA2531
PGD107842	PA2532
PGD107844	PA2533
PGD107850	PA2536
PGD107852	PA2537
PGD107854	PA2538
PGD107856	PA2539
PGD107860	PA2541
PGD107862	PA2542
PGD107864	PA2543
PGD107866	PA2544
PGD107868	PA2545
PGD107872	PA2547
PGD107874	PA2548
PGD107876	PA2549
PGD107878	PA2550
PGD107880	PA2551
PGD107882	PA2552
PGD107884	PA2553
PGD107888	PA2555
PGD107892	PA2557
PGD107894	PA2558
PGD107896	PA2559
PGD15122498	PA2559.1
PGD107898	PA2560
PGD107900	PA2561
PGD107902	PA2562
PGD107904	PA2563
PGD107908	PA2565
PGD107910	PA2566
PGD21174458	PA2566.1
PGD107912	PA2567
PGD107914	PA2568
PGD107916	PA2569
PGD107918	PA2570
PGD107922	PA2571
PGD107930	PA2575
PGD107932	PA2576
PGD107938	PA2579
PGD107940	PA2580
PGD107942	PA2581
PGD107946	PA2582
PGD107948	PA2583
PGD107952	PA2584
PGD107954	PA2585
PGD107956	PA2586
PGD107960	PA2588
PGD107962	PA2589
PGD107966	PA2591
PGD107968	PA2592
PGD107970	PA2593
PGD107976	PA2596
PGD107978	PA2597
PGD107980	PA2598
PGD107984	PA2600
PGD107986	PA2601
PGD107988	PA2602
PGD107990	PA2603
PGD107994	PA2604
PGD107996	PA2605
PGD107998	PA2606
PGD108000	PA2607
PGD108002	PA2608
PGD108004	PA2609
PGD108006	PA2610
PGD108008	PA2611
PGD108010	PA2612
PGD108012	PA2613
PGD108014	PA2614
PGD108016	PA2615
PGD108020	PA2617
PGD108022	PA2618
PGD108024	PA2619
PGD108026	PA2620
PGD108028	PA2621
PGD108030	PA2622
PGD108032	PA2623
PGD108034	PA2624
PGD108036	PA2625
PGD108038	PA2626
PGD108040	PA2627
PGD108044	PA2629
PGD108046	PA2630
PGD108048	PA2631
PGD108050	PA2632
PGD108052	PA2633
PGD108054	PA2634
PGD108056	PA2635
PGD108058	PA2636
PGD108060	PA2637
PGD108062	PA2638
PGD108064	PA2639
PGD108066	PA2640
PGD108070	PA2642
PGD108072	PA2643
PGD108074	PA2644
PGD108076	PA2645
PGD108078	PA2646
PGD108082	PA2648
PGD108084	PA2649
PGD108086	PA2650
PGD108088	PA2651
PGD108092	PA2653
PGD108096	PA2655
PGD108098	PA2656
PGD108100	PA2657
PGD108102	PA2658
PGD108104	PA2659
PGD108106	PA2660
PGD108108	PA2661
PGD108110	PA2662
PGD108112	PA2663
PGD108114	PA2664
PGD108116	PA2665
PGD108118	PA2666
PGD108120	PA2667
PGD108122	PA2668
PGD108124	PA2669
PGD108126	PA2670
PGD108128	PA2671
PGD108130	PA2672
PGD108132	PA2673
PGD108134	PA2674
PGD108136	PA2675
PGD108138	PA2676
PGD108140	PA2677
PGD108146	PA2680
PGD108148	PA2681
PGD108150	PA2682
PGD108152	PA2683
PGD15122501	PA2683.1
PGD108158	PA2686
PGD108160	PA2687
PGD108164	PA2689
PGD108168	PA2691
PGD108170	PA2692
PGD108172	PA2693
PGD108174	PA2694
PGD108176	PA2695
PGD108180	PA2697
PGD108182	PA2698
PGD108188	PA2701
PGD108190	PA2702
PGD108192	PA2703
PGD108196	PA2705
PGD108200	PA2707
PGD108202	PA2708
PGD108204	PA2709
PGD108206	PA2710
PGD108208	PA2711
PGD108214	PA2714
PGD108216	PA2715
PGD108220	PA2717
PGD108222	PA2718
PGD108226	PA2720
PGD108228	PA2721
PGD108230	PA2722
PGD108232	PA2723
PGD108234	PA2724
PGD108236	PA2725
PGD108238	PA2726
PGD108244	PA2729
PGD108246	PA2730
PGD108248	PA2731
PGD108250	PA2732
PGD108252	PA2733
PGD108254	PA2734
PGD108256	PA2735
PGD108258	PA2736
PGD108262	PA2737
PGD108264	PA2738
PGD108266	PA2739
PGD108268	PA2740
PGD108270	PA2741
PGD108272	PA2742
PGD108274	PA2743
PGD108276	PA2744
PGD108278	PA2745
PGD108280	PA2746
PGD108282	PA2747
PGD108284	PA2748
PGD108286	PA2749
PGD108288	PA2750
PGD108292	PA2752
PGD108296	PA2754
PGD108298	PA2755
PGD108304	PA2758
PGD108306	PA2759
PGD108308	PA2760
PGD108310	PA2761
PGD108312	PA2762
PGD108314	PA2763
PGD108316	PA2764
PGD108318	PA2765
PGD108322	PA2767
PGD108324	PA2768
PGD108326	PA2769
PGD108330	PA2771
PGD108332	PA2772
PGD108334	PA2773
PGD108336	PA2774
PGD108338	PA2775
PGD108342	PA2776
PGD108344	PA2777
PGD108346	PA2778
PGD108348	PA2779
PGD108350	PA2780
PGD108352	PA2781
PGD108354	PA2782
PGD108356	PA2783
PGD108358	PA2784
PGD108360	PA2785
PGD108362	PA2786
PGD108364	PA2787
PGD108366	PA2788
PGD108368	PA2789
PGD108370	PA2790
PGD108372	PA2791
PGD108374	PA2792
PGD108376	PA2793
PGD277685	PA2794
PGD108378	PA2795
PGD108380	PA2796
PGD108382	PA2797
PGD108384	PA2798
PGD108386	PA2799
PGD108388	PA2800
PGD108390	PA2801
PGD108392	PA2802
PGD108394	PA2803
PGD108396	PA2804
PGD108398	PA2805
PGD108400	PA2806
PGD108402	PA2807
PGD108404	PA2808
PGD108410	PA2811
PGD108412	PA2812
PGD108416	PA2814
PGD108418	PA2815
PGD108420	PA2816
PGD108422	PA2817
PGD108424	PA2818
PGD108426	PA2819
PGD108434	PA2820
PGD108438	PA2822
PGD108440	PA2823
PGD108444	PA2825
PGD108446	PA2826
PGD108448	PA2827
PGD108450	PA2828
PGD108452	PA2829
PGD108454	PA2830
PGD108456	PA2831
PGD108458	PA2832
PGD108460	PA2833
PGD108462	PA2834
PGD108464	PA2835
PGD108468	PA2837
PGD108470	PA2838
PGD108472	PA2839
PGD108474	PA2840
PGD108476	PA2841
PGD108478	PA2842
PGD108480	PA2843
PGD108482	PA2844
PGD108484	PA2845
PGD108486	PA2846
PGD108488	PA2847
PGD108490	PA2848
PGD108492	PA2849
PGD108494	PA2850
PGD108496	PA2851
PGD108498	PA2852
PGD108502	PA2853
PGD108504	PA2854
PGD108506	PA2855
PGD108508	PA2856
PGD108510	PA2857
PGD108512	PA2858
PGD108514	PA2859
PGD108516	PA2860
PGD108518	PA2861
PGD108520	PA2862
PGD108522	PA2863
PGD108524	PA2864
PGD108526	PA2865
PGD108528	PA2866
PGD108530	PA2867
PGD108532	PA2868
PGD108534	PA2869
PGD108538	PA2871
PGD108540	PA2872
PGD108544	PA2874
PGD108546	PA2875
PGD108548	PA2876
PGD108558	PA2881
PGD108560	PA2882
PGD108562	PA2883
PGD108568	PA2886
PGD108570	PA2887
PGD108572	PA2888
PGD108574	PA2889
PGD108576	PA2890
PGD108578	PA2891
PGD108580	PA2892
PGD108582	PA2893
PGD108584	PA2894
PGD108586	PA2895
PGD108590	PA2897
PGD108592	PA2898
PGD108594	PA2899
PGD108596	PA2900
PGD108598	PA2901
PGD108600	PA2902
PGD108602	PA2903
PGD108604	PA2904
PGD108606	PA2905
PGD108608	PA2906
PGD108610	PA2907
PGD108612	PA2908
PGD108614	PA2909
PGD108616	PA2910
PGD108618	PA2911
PGD108620	PA2912
PGD108628	PA2916
PGD108632	PA2918
PGD108634	PA2919
PGD108642	PA2923
PGD108644	PA2924
PGD108646	PA2925
PGD108648	PA2926
PGD108650	PA2927
PGD108652	PA2928
PGD108654	PA2929
PGD108656	PA2930
PGD108662	PA2933
PGD108666	PA2935
PGD108668	PA2936
PGD108670	PA2937
PGD108672	PA2938
PGD108674	PA2939
PGD108676	PA2940
PGD108678	PA2941
PGD108680	PA2942
PGD108682	PA2943
PGD108686	PA2945
PGD108688	PA2946
PGD108690	PA2947
PGD108692	PA2948
PGD108696	PA2950
PGD108698	PA2951
PGD108700	PA2952
PGD108702	PA2953
PGD108704	PA2954
PGD108706	PA2955
PGD108708	PA2956
PGD108710	PA2957
PGD108714	PA2959
PGD108716	PA2960
PGD108718	PA2961
PGD108720	PA2962
PGD108722	PA2963
PGD108724	PA2964
PGD108726	PA2965
PGD108728	PA2966
PGD108730	PA2967
PGD108732	PA2968
PGD108734	PA2969
PGD108736	PA2970
PGD108738	PA2971
PGD108740	PA2972
PGD108742	PA2973
PGD108744	PA2974
PGD108746	PA2975
PGD108748	PA2976
PGD108750	PA2977
PGD108752	PA2978
PGD108754	PA2979
PGD108756	PA2980
PGD108758	PA2981
PGD108760	PA2982
PGD108762	PA2983
PGD108764	PA2984
PGD108766	PA2985
PGD108768	PA2986
PGD108770	PA2987
PGD108772	PA2988
PGD108774	PA2989
PGD108776	PA2990
PGD108778	PA2991
PGD108780	PA2992
PGD108782	PA2993
PGD108784	PA2994
PGD108786	PA2995
PGD108788	PA2996
PGD108790	PA2997
PGD108792	PA2998
PGD108794	PA2999
PGD108798	PA3001
PGD108800	PA3002
PGD108802	PA3003
PGD108804	PA3004
PGD108806	PA3005
PGD108808	PA3006
PGD108810	PA3007
PGD108812	PA3008
PGD108814	PA3009
PGD108816	PA3010
PGD108818	PA3011
PGD108820	PA3012
PGD108822	PA3013
PGD108824	PA3014
PGD108826	PA3015
PGD108828	PA3016
PGD108830	PA3017
PGD108832	PA3018
PGD108834	PA3019
PGD108836	PA3020
PGD108838	PA3021
PGD108842	PA3023
PGD108844	PA3024
PGD108846	PA3025
PGD108848	PA3026
PGD108850	PA3027
PGD108862	PA3032
PGD108864	PA3033
PGD108870	PA3036
PGD108874	PA3038
PGD108876	PA3039
PGD108878	PA3040
PGD108880	PA3041
PGD108882	PA3042
PGD108884	PA3043
PGD108886	PA3044
PGD108890	PA3046
PGD108892	PA3047
PGD108894	PA3048
PGD108896	PA3049
PGD108898	PA3050
PGD108900	PA3051
PGD108902	PA3052
PGD108906	PA3054
PGD108908	PA3055
PGD108910	PA3056
PGD108912	PA3057
PGD108914	PA3058
PGD108916	PA3059
PGD108918	PA3060
PGD108920	PA3061
PGD108922	PA3062
PGD108924	PA3063
PGD108926	PA3064
PGD108928	PA3065
PGD108932	PA3067
PGD108934	PA3068
PGD108936	PA3069
PGD108938	PA3070
PGD108940	PA3071
PGD108942	PA3072
PGD108944	PA3073
PGD108946	PA3074
PGD108948	PA3075
PGD108950	PA3076
PGD108952	PA3077
PGD108954	PA3078
PGD108956	PA3079
PGD108958	PA3080
PGD108960	PA3081
PGD108962	PA3082
PGD108964	PA3083
PGD108966	PA3084
PGD108968	PA3085
PGD108970	PA3086
PGD108972	PA3087
PGD108974	PA3088
PGD108976	PA3089
PGD108978	PA3090
PGD108980	PA3091
PGD108984	PA3093
PGD108986	PA3094
PGD108994	PA3095
PGD108996	PA3096
PGD109002	PA3099
PGD109004	PA3100
PGD109012	PA3104
PGD109016	PA3106
PGD109018	PA3107
PGD109020	PA3108
PGD109022	PA3109
PGD109024	PA3110
PGD109026	PA3111
PGD109028	PA3112
PGD109030	PA3113
PGD109032	PA3114
PGD109034	PA3115
PGD109036	PA3116
PGD109038	PA3117
PGD109040	PA3118
PGD109042	PA3119
PGD109044	PA3120
PGD109046	PA3121
PGD109048	PA3122
PGD109050	PA3123
PGD109052	PA3124
PGD109054	PA3125
PGD109056	PA3126
PGD109058	PA3127
PGD109060	PA3128
PGD109062	PA3129
PGD109064	PA3130
PGD109066	PA3131
PGD109068	PA3132
PGD109070	PA3133
PGD109080	PA3134
PGD109088	PA3138
PGD109090	PA3139
PGD109094	PA3140
PGD109096	PA3141
PGD109098	PA3142
PGD109102	PA3144
PGD109104	PA3145
PGD109106	PA3146
PGD109110	PA3148
PGD109114	PA3150
PGD109116	PA3151
PGD109118	PA3152
PGD109120	PA3153
PGD109122	PA3154
PGD109132	PA3159
PGD109136	PA3161
PGD109138	PA3162
PGD109140	PA3163
PGD109143	PA3165
PGD109145	PA3166
PGD109147	PA3167
PGD109149	PA3168
PGD109151	PA3169
PGD109153	PA3170
PGD109155	PA3171
PGD109157	PA3172
PGD109159	PA3173
PGD109161	PA3174
PGD109163	PA3175
PGD109165	PA3176
PGD109169	PA3178
PGD109171	PA3179
PGD109173	PA3180
PGD109175	PA3181
PGD109177	PA3182
PGD109179	PA3183
PGD109181	PA3184
PGD109183	PA3185
PGD109187	PA3187
PGD109189	PA3188
PGD109191	PA3189
PGD109193	PA3190
PGD109195	PA3191
PGD109197	PA3192
PGD109199	PA3193
PGD109201	PA3194
PGD109203	PA3195
PGD109205	PA3196
PGD109207	PA3197
PGD109209	PA3198
PGD109211	PA3199
PGD109213	PA3200
PGD109215	PA3201
PGD109217	PA3202
PGD109219	PA3203
PGD109221	PA3204
PGD109223	PA3205
PGD109225	PA3206
PGD109227	PA3207
PGD109229	PA3208
PGD109231	PA3209
PGD109233	PA3210
PGD109235	PA3211
PGD109237	PA3212
PGD109239	PA3213
PGD109241	PA3214
PGD109243	PA3215
PGD109245	PA3216
PGD109247	PA3217
PGD109249	PA3218
PGD109251	PA3219
PGD109255	PA3221
PGD109257	PA3222
PGD109259	PA3223
PGD109261	PA3224
PGD109263	PA3225
PGD109267	PA3227
PGD109269	PA3228
PGD109271	PA3229
PGD109273	PA3230
PGD109275	PA3231
PGD109277	PA3232
PGD109279	PA3233
PGD109281	PA3234
PGD109283	PA3235
PGD109285	PA3236
PGD109289	PA3238
PGD109291	PA3239
PGD109295	PA3241
PGD109297	PA3242
PGD109299	PA3243
PGD109301	PA3244
PGD109303	PA3245
PGD109305	PA3246
PGD109307	PA3247
PGD109311	PA3249
PGD109313	PA3250
PGD109315	PA3251
PGD109317	PA3252
PGD109319	PA3253
PGD109321	PA3254
PGD109325	PA3256
PGD109327	PA3257
PGD109329	PA3258
PGD109331	PA3259
PGD21174460	PA3259.1
PGD109333	PA3260
PGD109337	PA3262
PGD109343	PA3263
PGD109347	PA3265
PGD109351	PA3267
PGD109361	PA3272
PGD109363	PA3273
PGD109365	PA3274
PGD109367	PA3275
PGD109369	PA3276
PGD109371	PA3277
PGD109373	PA3278
PGD109385	PA3284
PGD109387	PA3285
PGD109389	PA3286
PGD109391	PA3287
PGD109393	PA3288
PGD109399	PA3291
PGD109401	PA3292
PGD109403	PA3293
PGD109409	PA3296
PGD109411	PA3297
PGD109413	PA3298
PGD109421	PA3302
PGD109423	PA3303
PGD109429	PA3306
PGD109431	PA3307
PGD109433	PA3308
PGD109435	PA3309
PGD109437	PA3310
PGD109439	PA3311
PGD109441	PA3312
PGD109451	PA3317
PGD109453	PA3318
PGD109455	PA3319
PGD109461	PA3322
PGD109463	PA3323
PGD109465	PA3324
PGD109467	PA3325
PGD109469	PA3326
PGD109475	PA3329
PGD109481	PA3332
PGD109485	PA3334
PGD109487	PA3335
PGD109489	PA3336
PGD109491	PA3337
PGD109493	PA3338
PGD109495	PA3339
PGD109497	PA3340
PGD109499	PA3341
PGD109501	PA3342
PGD109505	PA3344
PGD109507	PA3345
PGD109509	PA3346
PGD109511	PA3347
PGD109513	PA3348
PGD109515	PA3349
PGD109517	PA3350
PGD109519	PA3351
PGD109521	PA3352
PGD109523	PA3353
PGD109525	PA3354
PGD109529	PA3356
PGD109531	PA3357
PGD109533	PA3358
PGD109535	PA3359
PGD109537	PA3360
PGD109539	PA3361
PGD109541	PA3362
PGD109543	PA3363
PGD109545	PA3364
PGD109547	PA3365
PGD109549	PA3366
PGD109551	PA3367
PGD109557	PA3369
PGD109559	PA3370
PGD109561	PA3371
PGD109563	PA3372
PGD109565	PA3373
PGD109567	PA3374
PGD109569	PA3375
PGD109571	PA3376
PGD109573	PA3377
PGD109575	PA3378
PGD109577	PA3379
PGD109579	PA3380
PGD109589	PA3385
PGD109591	PA3386
PGD109593	PA3387
PGD109595	PA3388
PGD109599	PA3390
PGD109601	PA3391
PGD109603	PA3392
PGD109605	PA3393
PGD109607	PA3394
PGD109609	PA3395
PGD109611	PA3396
PGD109613	PA3397
PGD109615	PA3398
PGD109617	PA3399
PGD109619	PA3400
PGD109621	PA3401
PGD109623	PA3402
PGD109625	PA3403
PGD109633	PA3407
PGD109635	PA3408
PGD109637	PA3409
PGD109641	PA3411
PGD109643	PA3412
PGD109645	PA3413
PGD109647	PA3414
PGD109649	PA3415
PGD109655	PA3418
PGD109657	PA3419
PGD109665	PA3423
PGD109667	PA3424
PGD109669	PA3425
PGD109671	PA3426
PGD109673	PA3427
PGD109675	PA3428
PGD109681	PA3431
PGD109683	PA3432
PGD109685	PA3433
PGD109689	PA3435
PGD109691	PA3436
PGD109693	PA3437
PGD109695	PA3438
PGD109697	PA3439
PGD109699	PA3440
PGD21174462	PA3440.1
PGD109701	PA3441
PGD109703	PA3442
PGD109711	PA3446
PGD109719	PA3450
PGD109721	PA3451
PGD109723	PA3452
PGD109725	PA3453
PGD109727	PA3454
PGD109729	PA3455
PGD109731	PA3456
PGD109733	PA3457
PGD109735	PA3458
PGD109737	PA3459
PGD109739	PA3460
PGD109741	PA3461
PGD109745	PA3463
PGD109747	PA3464
PGD109749	PA3465
PGD109751	PA3466
PGD109755	PA3468
PGD109757	PA3469
PGD109759	PA3470
PGD109761	PA3471
PGD109763	PA3472
PGD109765	PA3473
PGD109767	PA3474
PGD109769	PA3475
PGD109771	PA3476
PGD109775	PA3478
PGD109777	PA3479
PGD109779	PA3480
PGD109781	PA3481
PGD109783	PA3482
PGD109785	PA3483
PGD109787	PA3484
PGD109789	PA3485
PGD109793	PA3487
PGD109795	PA3488
PGD109797	PA3489
PGD109803	PA3492
PGD109805	PA3493
PGD109807	PA3494
PGD109809	PA3495
PGD109811	PA3496
PGD109813	PA3497
PGD109817	PA3499
PGD109819	PA3500
PGD109821	PA3501
PGD109823	PA3502
PGD109825	PA3503
PGD109829	PA3505
PGD109831	PA3506
PGD109833	PA3507
PGD109837	PA3509
PGD109839	PA3510
PGD109841	PA3511
PGD109843	PA3512
PGD109845	PA3513
PGD109847	PA3514
PGD109851	PA3516
PGD109853	PA3517
PGD109855	PA3518
PGD109857	PA3519
PGD109859	PA3520
PGD109861	PA3521
PGD109865	PA3523
PGD109869	PA3525
PGD109871	PA3526
PGD109873	PA3527
PGD109875	PA3528
PGD109877	PA3529
PGD109879	PA3530
PGD109881	PA3531
PGD109883	PA3532
PGD109885	PA3533
PGD109887	PA3534
PGD109891	PA3536
PGD109893	PA3537
PGD109895	PA3538
PGD109897	PA3539
PGD109899	PA3540
PGD109901	PA3541
PGD109903	PA3542
PGD109905	PA3543
PGD109907	PA3544
PGD109909	PA3545
PGD109911	PA3546
PGD109913	PA3547
PGD109915	PA3548
PGD109917	PA3549
PGD109919	PA3550
PGD109921	PA3551
PGD109927	PA3554
PGD109929	PA3555
PGD109933	PA3557
PGD109935	PA3558
PGD109939	PA3560
PGD109941	PA3561
PGD109943	PA3562
PGD109945	PA3563
PGD109947	PA3564
PGD109949	PA3565
PGD109953	PA3567
PGD109955	PA3568
PGD109963	PA3572
PGD109965	PA3573
PGD109967	PA3574
PGD21174464	PA3574.1
PGD109969	PA3575
PGD109971	PA3576
PGD109973	PA3577
PGD109979	PA3580
PGD109981	PA3581
PGD109985	PA3583
PGD109987	PA3584
PGD109989	PA3585
PGD109991	PA3586
PGD109993	PA3587
PGD109995	PA3588
PGD109997	PA3589
PGD110003	PA3592
PGD110005	PA3593
PGD110009	PA3595
PGD110011	PA3596
PGD110019	PA3600
PGD110023	PA3602
PGD110025	PA3603
PGD110027	PA3604
PGD110029	PA3605
PGD110031	PA3606
PGD110033	PA3607
PGD110035	PA3608
PGD110037	PA3609
PGD110039	PA3610
PGD110041	PA3611
PGD110043	PA3612
PGD110045	PA3613
PGD110047	PA3614
PGD110049	PA3615
PGD110051	PA3616
PGD110053	PA3617
PGD110055	PA3618
PGD110057	PA3619
PGD110059	PA3620
PGD110061	PA3621
PGD110063	PA3622
PGD110065	PA3623
PGD110067	PA3624
PGD110069	PA3625
PGD110071	PA3626
PGD110073	PA3627
PGD110075	PA3628
PGD110077	PA3629
PGD110079	PA3630
PGD110083	PA3632
PGD110085	PA3633
PGD110087	PA3634
PGD110089	PA3635
PGD110091	PA3636
PGD110093	PA3637
PGD110095	PA3638
PGD110097	PA3639
PGD110099	PA3640
PGD110101	PA3641
PGD110103	PA3642
PGD110105	PA3643
PGD110107	PA3644
PGD110109	PA3645
PGD110111	PA3646
PGD110113	PA3647
PGD110115	PA3648
PGD110117	PA3649
PGD110119	PA3650
PGD110121	PA3651
PGD110123	PA3652
PGD110125	PA3653
PGD110127	PA3654
PGD110129	PA3655
PGD110131	PA3656
PGD110133	PA3657
PGD110135	PA3658
PGD110137	PA3659
PGD110139	PA3660
PGD110141	PA3661
PGD110143	PA3662
PGD110145	PA3663
PGD110147	PA3664
PGD110151	PA3666
PGD110153	PA3667
PGD110155	PA3668
PGD110157	PA3669
PGD110159	PA3670
PGD110161	PA3671
PGD110163	PA3672
PGD110165	PA3673
PGD110167	PA3674
PGD110169	PA3675
PGD110179	PA3680
PGD110181	PA3681
PGD110183	PA3682
PGD110185	PA3683
PGD110187	PA3684
PGD110189	PA3685
PGD110191	PA3686
PGD110193	PA3687
PGD110195	PA3688
PGD110197	PA3689
PGD110199	PA3690
PGD110201	PA3691
PGD110203	PA3692
PGD110205	PA3693
PGD110207	PA3694
PGD110209	PA3695
PGD110211	PA3696
PGD110213	PA3697
PGD110215	PA3698
PGD110217	PA3699
PGD110219	PA3700
PGD110226	PA3704
PGD110228	PA3705
PGD110232	PA3707
PGD110234	PA3708
PGD110236	PA3709
PGD110242	PA3712
PGD110244	PA3713
PGD110248	PA3715
PGD110250	PA3716
PGD110252	PA3717
PGD110254	PA3718
PGD110256	PA3719
PGD110258	PA3720
PGD110262	PA3722
PGD110266	PA3724
PGD110268	PA3725
PGD110270	PA3726
PGD110272	PA3727
PGD110274	PA3728
PGD110276	PA3729
PGD110278	PA3730
PGD110280	PA3731
PGD110282	PA3732
PGD110284	PA3733
PGD110286	PA3734
PGD110288	PA3735
PGD110290	PA3736
PGD110292	PA3737
PGD110294	PA3738
PGD110296	PA3739
PGD110298	PA3740
PGD110300	PA3741
PGD110302	PA3742
PGD110304	PA3743
PGD110306	PA3744
PGD110308	PA3745
PGD110310	PA3746
PGD110312	PA3747
PGD110314	PA3748
PGD110316	PA3749
PGD110318	PA3750
PGD110320	PA3751
PGD110322	PA3752
PGD110324	PA3753
PGD110326	PA3754
PGD110328	PA3755
PGD110330	PA3756
PGD110334	PA3758
PGD110336	PA3759
PGD110338	PA3760
PGD110340	PA3761
PGD110342	PA3762
PGD110344	PA3763
PGD110346	PA3764
PGD110348	PA3765
PGD110350	PA3766
PGD110352	PA3767
PGD110354	PA3768
PGD110356	PA3769
PGD110358	PA3770
PGD110362	PA3772
PGD110364	PA3773
PGD110366	PA3774
PGD110368	PA3775
PGD110370	PA3776
PGD110372	PA3777
PGD110378	PA3780
PGD110380	PA3781
PGD110386	PA3784
PGD110388	PA3785
PGD110390	PA3786
PGD110392	PA3787
PGD110394	PA3788
PGD110396	PA3789
PGD110398	PA3790
PGD110400	PA3791
PGD110402	PA3792
PGD110404	PA3793
PGD110406	PA3794
PGD110410	PA3796
PGD110412	PA3797
PGD110414	PA3798
PGD110416	PA3799
PGD110418	PA3800
PGD110420	PA3801
PGD110422	PA3802
PGD110424	PA3803
PGD110426	PA3804
PGD110428	PA3805
PGD110430	PA3806
PGD110432	PA3807
PGD110434	PA3808
PGD110436	PA3809
PGD110438	PA3810
PGD110440	PA3811
PGD110442	PA3812
PGD110444	PA3813
PGD110446	PA3814
PGD110448	PA3815
PGD110450	PA3816
PGD110452	PA3817
PGD110454	PA3818
PGD110456	PA3819
PGD110458	PA3820
PGD110460	PA3821
PGD110462	PA3822
PGD110464	PA3823
PGD110466	PA3824
PGD110470	PA3825
PGD110472	PA3826
PGD110474	PA3827
PGD110476	PA3828
PGD110482	PA3831
PGD110484	PA3832
PGD110486	PA3833
PGD110488	PA3834
PGD110490	PA3835
PGD110492	PA3836
PGD110494	PA3837
PGD110496	PA3838
PGD110498	PA3839
PGD110500	PA3840
PGD110502	PA3841
PGD110504	PA3842
PGD110506	PA3843
PGD110514	PA3847
PGD110516	PA3848
PGD110518	PA3849
PGD110520	PA3850
PGD110522	PA3851
PGD110524	PA3852
PGD110528	PA3854
PGD110530	PA3855
PGD110532	PA3856
PGD110534	PA3857
PGD110536	PA3858
PGD110538	PA3859
PGD110540	PA3860
PGD110542	PA3861
PGD110546	PA3863
PGD110548	PA3864
PGD110550	PA3865
PGD2173183	PA3865.1
PGD110554	PA3867
PGD110556	PA3868
PGD110558	PA3869
PGD110562	PA3871
PGD110564	PA3872
PGD110566	PA3873
PGD110568	PA3874
PGD110570	PA3875
PGD110572	PA3876
PGD110574	PA3877
PGD110576	PA3878
PGD110578	PA3879
PGD110580	PA3880
PGD110582	PA3881
PGD110584	PA3882
PGD110588	PA3884
PGD110590	PA3885
PGD110592	PA3886
PGD110594	PA3887
PGD110596	PA3888
PGD110598	PA3889
PGD110600	PA3890
PGD110602	PA3891
PGD110608	PA3894
PGD110612	PA3896
PGD110614	PA3897
PGD110624	PA3902
PGD110626	PA3903
PGD110630	PA3905
PGD110632	PA3906
PGD110634	PA3907
PGD110636	PA3908
PGD110638	PA3909
PGD110640	PA3910
PGD110642	PA3911
PGD110644	PA3912
PGD110646	PA3913
PGD110652	PA3916
PGD110654	PA3917
PGD110656	PA3918
PGD110658	PA3919
PGD110660	PA3920
PGD110668	PA3924
PGD110670	PA3925
PGD110672	PA3926
PGD110676	PA3928
PGD110678	PA3929
PGD110680	PA3930
PGD110682	PA3931
PGD110684	PA3932
PGD110688	PA3934
PGD110698	PA3939
PGD110700	PA3940
PGD110702	PA3941
PGD110704	PA3942
PGD110706	PA3943
PGD110714	PA3947
PGD110716	PA3948
PGD110718	PA3949
PGD110720	PA3950
PGD110722	PA3951
PGD110724	PA3952
PGD110730	PA3955
PGD110732	PA3956
PGD110734	PA3957
PGD110736	PA3958
PGD110740	PA3960
PGD110742	PA3961
PGD110744	PA3962
PGD110746	PA3963
PGD110748	PA3964
PGD110750	PA3965
PGD110752	PA3966
PGD110754	PA3967
PGD110756	PA3968
PGD110758	PA3969
PGD110760	PA3970
PGD110762	PA3971
PGD110764	PA3972
PGD110770	PA3975
PGD110772	PA3976
PGD110774	PA3977
PGD110776	PA3978
PGD110778	PA3979
PGD110780	PA3980
PGD110782	PA3981
PGD110784	PA3982
PGD110786	PA3983
PGD110788	PA3984
PGD110790	PA3985
PGD110792	PA3986
PGD110794	PA3987
PGD110796	PA3988
PGD110798	PA3989
PGD110800	PA3990
PGD110802	PA3991
PGD110804	PA3992
PGD110810	PA3995
PGD110812	PA3996
PGD110814	PA3997
PGD110816	PA3998
PGD110818	PA3999
PGD110820	PA4000
PGD110822	PA4001
PGD110824	PA4002
PGD110826	PA4003
PGD110828	PA4004
PGD110830	PA4005
PGD110832	PA4006
PGD110834	PA4007
PGD110836	PA4008
PGD110838	PA4009
PGD110840	PA4010
PGD110842	PA4011
PGD110844	PA4012
PGD110846	PA4013
PGD110848	PA4014
PGD110850	PA4015
PGD110852	PA4016
PGD110854	PA4017
PGD110856	PA4018
PGD110858	PA4019
PGD110860	PA4020
PGD110862	PA4021
PGD110866	PA4023
PGD110868	PA4024
PGD110870	PA4025
PGD110872	PA4026
PGD110874	PA4027
PGD110876	PA4028
PGD110878	PA4029
PGD110880	PA4030
PGD110882	PA4031
PGD110884	PA4032
PGD110886	PA4033
PGD110888	PA4034
PGD110890	PA4035
PGD110892	PA4036
PGD110894	PA4037
PGD110896	PA4038
PGD110898	PA4039
PGD110900	PA4040
PGD110904	PA4042
PGD110906	PA4043
PGD110908	PA4044
PGD110912	PA4046
PGD110914	PA4047
PGD110916	PA4048
PGD110920	PA4050
PGD110922	PA4051
PGD110924	PA4052
PGD110926	PA4053
PGD110928	PA4054
PGD110930	PA4055
PGD110932	PA4056
PGD110934	PA4057
PGD110936	PA4058
PGD110942	PA4061
PGD110944	PA4062
PGD110946	PA4063
PGD110948	PA4064
PGD110950	PA4065
PGD110952	PA4066
PGD110954	PA4067
PGD110956	PA4068
PGD110958	PA4069
PGD110962	PA4071
PGD110964	PA4072
PGD110966	PA4073
PGD110968	PA4074
PGD110970	PA4075
PGD110972	PA4076
PGD110974	PA4077
PGD110976	PA4078
PGD110978	PA4079
PGD110988	PA4084
PGD110994	PA4087
PGD111000	PA4090
PGD111002	PA4091
PGD111004	PA4092
PGD111006	PA4093
PGD111010	PA4095
PGD111012	PA4096
PGD111018	PA4099
PGD111022	PA4101
PGD111024	PA4102
PGD111026	PA4103
PGD111034	PA4107
PGD111036	PA4108
PGD111040	PA4110
PGD111042	PA4111
PGD111046	PA4113
PGD111048	PA4114
PGD111050	PA4115
PGD111052	PA4116
PGD111054	PA4117
PGD111056	PA4118
PGD111058	PA4119
PGD111062	PA4121
PGD111064	PA4122
PGD111068	PA4124
PGD111070	PA4125
PGD111072	PA4126
PGD111074	PA4127
PGD111076	PA4128
PGD111078	PA4129
PGD111082	PA4131
PGD111084	PA4132
PGD111088	PA4134
PGD111090	PA4135
PGD111092	PA4136
PGD111094	PA4137
PGD111096	PA4138
PGD111098	PA4139
PGD111100	PA4140
PGD111102	PA4141
PGD111104	PA4142
PGD111110	PA4145
PGD111112	PA4146
PGD111114	PA4147
PGD111118	PA4149
PGD111120	PA4150
PGD111122	PA4151
PGD111128	PA4154
PGD111130	PA4155
PGD111132	PA4156
PGD111134	PA4157
PGD111138	PA4159
PGD111144	PA4162
PGD111146	PA4163
PGD111148	PA4164
PGD111150	PA4165
PGD111152	PA4166
PGD111154	PA4167
PGD111158	PA4169
PGD111160	PA4170
PGD111164	PA4172
PGD111170	PA4175
PGD111172	PA4176
PGD111176	PA4178
PGD111180	PA4180
PGD111182	PA4181
PGD111184	PA4182
PGD111186	PA4183
PGD111188	PA4184
PGD111190	PA4185
PGD111192	PA4186
PGD111198	PA4189
PGD111200	PA4190
PGD111202	PA4191
PGD111204	PA4192
PGD111208	PA4194
PGD111212	PA4196
PGD111216	PA4198
PGD111222	PA4201
PGD111224	PA4202
PGD111226	PA4203
PGD111228	PA4204
PGD111230	PA4205
PGD111236	PA4208
PGD111238	PA4209
PGD111240	PA4210
PGD111242	PA4211
PGD111256	PA4218
PGD111258	PA4219
PGD111260	PA4220
PGD111268	PA4224
PGD111276	PA4228
PGD111278	PA4229
PGD111282	PA4231
PGD111284	PA4232
PGD111286	PA4233
PGD111288	PA4234
PGD111290	PA4235
PGD111294	PA4237
PGD111296	PA4238
PGD111298	PA4239
PGD111300	PA4240
PGD111302	PA4241
PGD111304	PA4242
PGD111306	PA4243
PGD111308	PA4244
PGD111310	PA4245
PGD111312	PA4246
PGD111314	PA4247
PGD111316	PA4248
PGD111318	PA4249
PGD111320	PA4250
PGD111322	PA4251
PGD111324	PA4252
PGD111326	PA4253
PGD111328	PA4254
PGD111330	PA4255
PGD111332	PA4256
PGD111334	PA4257
PGD111336	PA4258
PGD111338	PA4259
PGD111340	PA4260
PGD111342	PA4261
PGD111344	PA4262
PGD111346	PA4263
PGD111348	PA4264
PGD111354	PA4267
PGD111356	PA4268
PGD111358	PA4269
PGD111360	PA4270
PGD111362	PA4271
PGD111364	PA4272
PGD111366	PA4273
PGD111368	PA4274
PGD111370	PA4275
PGD111372	PA4276
PGD111384	PA4278
PGD111386	PA4279
PGD111388	PA4280
PGD111400	PA4281
PGD111402	PA4282
PGD111404	PA4283
PGD111406	PA4284
PGD111408	PA4285
PGD111410	PA4286
PGD111412	PA4287
PGD111414	PA4288
PGD111416	PA4289
PGD111418	PA4290
PGD111420	PA4291
PGD111426	PA4294
PGD111428	PA4295
PGD111430	PA4296
PGD111432	PA4297
PGD111434	PA4298
PGD111436	PA4299
PGD111438	PA4300
PGD111440	PA4301
PGD111442	PA4302
PGD111444	PA4303
PGD111446	PA4304
PGD111448	PA4305
PGD111450	PA4306
PGD111454	PA4308
PGD111462	PA4312
PGD111464	PA4313
PGD111466	PA4314
PGD111468	PA4315
PGD111470	PA4316
PGD111472	PA4317
PGD111474	PA4318
PGD111476	PA4319
PGD111478	PA4320
PGD111480	PA4321
PGD111482	PA4322
PGD111484	PA4323
PGD111486	PA4324
PGD111488	PA4325
PGD111490	PA4326
PGD111492	PA4327
PGD111496	PA4329
PGD111500	PA4331
PGD111504	PA4333
PGD111506	PA4334
PGD111508	PA4335
PGD111512	PA4337
PGD111514	PA4338
PGD111516	PA4339
PGD111518	PA4340
PGD111520	PA4341
PGD111528	PA4345
PGD111530	PA4346
PGD111532	PA4347
PGD111534	PA4348
PGD111536	PA4349
PGD111538	PA4350
PGD111540	PA4351
PGD111542	PA4352
PGD111544	PA4353
PGD111546	PA4354
PGD111548	PA4355
PGD111550	PA4356
PGD111552	PA4357
PGD111554	PA4358
PGD111556	PA4359
PGD111558	PA4360
PGD111560	PA4361
PGD111562	PA4362
PGD111564	PA4363
PGD111566	PA4364
PGD111568	PA4365
PGD111570	PA4366
PGD111572	PA4367
PGD111574	PA4368
PGD111578	PA4370
PGD111580	PA4371
PGD111582	PA4372
PGD111584	PA4373
PGD111592	PA4377
PGD111594	PA4378
PGD111596	PA4379
PGD111598	PA4380
PGD111600	PA4381
PGD111602	PA4382
PGD111604	PA4383
PGD111606	PA4384
PGD111608	PA4385
PGD111610	PA4386
PGD111612	PA4387
PGD111614	PA4388
PGD111618	PA4390
PGD111620	PA4391
PGD111622	PA4392
PGD111624	PA4393
PGD111626	PA4394
PGD111628	PA4395
PGD111630	PA4396
PGD111632	PA4397
PGD111634	PA4398
PGD111636	PA4399
PGD111638	PA4400
PGD111640	PA4401
PGD111642	PA4402
PGD111644	PA4403
PGD111646	PA4404
PGD111648	PA4405
PGD111650	PA4406
PGD111652	PA4407
PGD111654	PA4408
PGD111656	PA4409
PGD111658	PA4410
PGD111660	PA4411
PGD111662	PA4412
PGD111664	PA4413
PGD111666	PA4414
PGD111668	PA4415
PGD111670	PA4416
PGD111672	PA4417
PGD111674	PA4418
PGD111676	PA4419
PGD111678	PA4420
PGD111680	PA4421
PGD111682	PA4422
PGD111684	PA4423
PGD111686	PA4424
PGD111688	PA4425
PGD111690	PA4426
PGD111692	PA4427
PGD111694	PA4428
PGD111696	PA4429
PGD111698	PA4430
PGD111700	PA4431
PGD111702	PA4432
PGD111706	PA4434
PGD111710	PA4436
PGD111712	PA4437
PGD111714	PA4438
PGD111716	PA4439
PGD111718	PA4440
PGD111720	PA4441
PGD111722	PA4442
PGD111724	PA4443
PGD111726	PA4444
PGD111728	PA4445
PGD111730	PA4446
PGD111732	PA4447
PGD111734	PA4448
PGD111736	PA4449
PGD111738	PA4450
PGD111740	PA4451
PGD111742	PA4452
PGD111744	PA4453
PGD111746	PA4454
PGD111748	PA4455
PGD111750	PA4456
PGD111752	PA4457
PGD111754	PA4458
PGD111756	PA4459
PGD111758	PA4460
PGD111760	PA4461
PGD111762	PA4462
PGD111764	PA4463
PGD111766	PA4464
PGD111768	PA4465
PGD111770	PA4466
PGD111772	PA4467
PGD111774	PA4468
PGD111776	PA4469
PGD111778	PA4470
PGD111780	PA4471
PGD111782	PA4472
PGD111784	PA4473
PGD111786	PA4474
PGD111788	PA4475
PGD111790	PA4476
PGD111792	PA4477
PGD111794	PA4478
PGD111796	PA4479
PGD111798	PA4480
PGD111800	PA4481
PGD111802	PA4482
PGD111804	PA4483
PGD111806	PA4484
PGD111808	PA4485
PGD111812	PA4487
PGD111814	PA4488
PGD111816	PA4489
PGD111818	PA4490
PGD111820	PA4491
PGD111822	PA4492
PGD111824	PA4493
PGD111826	PA4494
PGD111828	PA4495
PGD111832	PA4497
PGD111834	PA4498
PGD111836	PA4499
PGD111840	PA4501
PGD111842	PA4502
PGD111844	PA4503
PGD111846	PA4504
PGD111848	PA4505
PGD111850	PA4506
PGD111854	PA4508
PGD111858	PA4510
PGD111862	PA4512
PGD111864	PA4513
PGD111868	PA4515
PGD111874	PA4518
PGD111876	PA4519
PGD111880	PA4521
PGD111882	PA4522
PGD111884	PA4523
PGD111886	PA4524
PGD111890	PA4525
PGD111892	PA4526
PGD111896	PA4528
PGD111898	PA4529
PGD111900	PA4530
PGD111902	PA4531
PGD111904	PA4532
PGD111906	PA4533
PGD111910	PA4535
PGD111912	PA4536
PGD111914	PA4537
PGD111916	PA4538
PGD111918	PA4539
PGD111932	PA4543
PGD111934	PA4544
PGD111936	PA4545
PGD111938	PA4546
PGD111940	PA4547
PGD111942	PA4548
PGD111948	PA4551
PGD111950	PA4552
PGD111952	PA4553
PGD111954	PA4554
PGD111956	PA4555
PGD111958	PA4556
PGD111960	PA4557
PGD111962	PA4558
PGD111964	PA4559
PGD111966	PA4560
PGD111968	PA4561
PGD111970	PA4562
PGD111972	PA4563
PGD111974	PA4564
PGD111976	PA4565
PGD111978	PA4566
PGD111980	PA4567
PGD111982	PA4568
PGD111984	PA4569
PGD111986	PA4570
PGD111990	PA4572
PGD111992	PA4573
PGD111994	PA4574
PGD111996	PA4575
PGD111998	PA4576
PGD112000	PA4577
PGD112004	PA4579
PGD112006	PA4580
PGD112008	PA4581
PGD112012	PA4582
PGD112014	PA4583
PGD112016	PA4584
PGD112018	PA4585
PGD112020	PA4586
PGD112022	PA4587
PGD112024	PA4588
PGD112026	PA4589
PGD112028	PA4590
PGD112030	PA4591
PGD112032	PA4592
PGD112034	PA4593
PGD112036	PA4594
PGD112038	PA4595
PGD112040	PA4596
PGD112042	PA4597
PGD112046	PA4599
PGD112048	PA4600
PGD112054	PA4603
PGD112056	PA4604
PGD112058	PA4605
PGD112060	PA4606
PGD112064	PA4608
PGD112066	PA4609
PGD112068	PA4610
PGD112070	PA4611
PGD112072	PA4612
PGD112076	PA4614
PGD112078	PA4615
PGD112080	PA4616
PGD112082	PA4617
PGD112084	PA4618
PGD112088	PA4620
PGD112090	PA4621
PGD112092	PA4622
PGD112094	PA4623
PGD112098	PA4625
PGD112102	PA4627
PGD112104	PA4628
PGD112106	PA4629
PGD112108	PA4630
PGD112110	PA4631
PGD112112	PA4632
PGD112116	PA4634
PGD112118	PA4635
PGD112120	PA4636
PGD112122	PA4637
PGD112124	PA4638
PGD112126	PA4639
PGD112128	PA4640
PGD112131	PA4642
PGD112133	PA4643
PGD112135	PA4644
PGD112137	PA4645
PGD112139	PA4646
PGD112141	PA4647
PGD112145	PA4649
PGD112149	PA4651
PGD112153	PA4653
PGD112157	PA4655
PGD112159	PA4656
PGD112161	PA4657
PGD112163	PA4658
PGD112165	PA4659
PGD112167	PA4660
PGD112169	PA4661
PGD112171	PA4662
PGD112173	PA4663
PGD112175	PA4664
PGD112177	PA4665
PGD112179	PA4666
PGD112181	PA4667
PGD112183	PA4668
PGD112185	PA4669
PGD112189	PA4670
PGD112191	PA4671
PGD112193	PA4672
PGD112195	PA4673
PGD112199	PA4674
PGD112201	PA4675
PGD112203	PA4676
PGD112205	PA4677
PGD112207	PA4678
PGD112209	PA4679
PGD112211	PA4680
PGD112213	PA4681
PGD112215	PA4682
PGD112217	PA4683
PGD112219	PA4684
PGD112221	PA4685
PGD112223	PA4686
PGD112225	PA4687
PGD112227	PA4688
PGD112229	PA4689
PGD112242	PA4691
PGD112244	PA4692
PGD112246	PA4693
PGD112248	PA4694
PGD112250	PA4695
PGD112252	PA4696
PGD112254	PA4697
PGD112256	PA4698
PGD112258	PA4699
PGD112260	PA4700
PGD112262	PA4701
PGD112264	PA4702
PGD112266	PA4703
PGD112268	PA4704
PGD112270	PA4705
PGD112276	PA4708
PGD112278	PA4709
PGD112282	PA4711
PGD112284	PA4712
PGD112286	PA4713
PGD112288	PA4714
PGD112290	PA4715
PGD112292	PA4716
PGD112294	PA4717
PGD112296	PA4718
PGD112298	PA4719
PGD112300	PA4720
PGD112302	PA4721
PGD112304	PA4722
PGD112306	PA4723
PGD112308	PA4724
PGD302419	PA4724.1
PGD112310	PA4725
PGD112312	PA4726
PGD112314	PA4727
PGD112316	PA4728
PGD112318	PA4729
PGD112320	PA4730
PGD112322	PA4731
PGD112324	PA4732
PGD112328	PA4734
PGD112330	PA4735
PGD112336	PA4738
PGD112338	PA4739
PGD112340	PA4740
PGD112342	PA4741
PGD112344	PA4742
PGD112346	PA4743
PGD112348	PA4744
PGD112350	PA4745
PGD112352	PA4746
PGD112358	PA4747
PGD112360	PA4748
PGD112362	PA4749
PGD112364	PA4750
PGD112366	PA4751
PGD112368	PA4752
PGD112370	PA4753
PGD112372	PA4754
PGD112374	PA4755
PGD112376	PA4756
PGD112380	PA4758
PGD112382	PA4759
PGD112384	PA4760
PGD112386	PA4761
PGD112388	PA4762
PGD112390	PA4763
PGD112392	PA4764
PGD112394	PA4765
PGD112396	PA4766
PGD112398	PA4767
PGD112400	PA4768
PGD112404	PA4770
PGD112406	PA4771
PGD112408	PA4772
PGD112410	PA4773
PGD112414	PA4775
PGD112416	PA4776
PGD112418	PA4777
PGD112420	PA4778
PGD112424	PA4780
PGD112428	PA4782
PGD112434	PA4785
PGD112436	PA4786
PGD112438	PA4787
PGD112440	PA4788
PGD112442	PA4789
PGD112444	PA4790
PGD112446	PA4791
PGD112448	PA4792
PGD112450	PA4793
PGD112452	PA4794
PGD112454	PA4795
PGD112456	PA4796
PGD112460	PA4798
PGD112462	PA4799
PGD112466	PA4801
PGD112468	PA4802
PGD112472	PA4803
PGD112474	PA4804
PGD112476	PA4805
PGD112478	PA4806
PGD112480	PA4807
PGD112482	PA4808
PGD112484	PA4809
PGD112488	PA4811
PGD112490	PA4812
PGD112492	PA4813
PGD112498	PA4816
PGD112500	PA4817
PGD112506	PA4820
PGD112508	PA4821
PGD112510	PA4822
PGD112512	PA4823
PGD112514	PA4824
PGD112518	PA4826
PGD112520	PA4827
PGD112522	PA4828
PGD112524	PA4829
PGD112526	PA4830
PGD112530	PA4832
PGD112532	PA4833
PGD112534	PA4834
PGD112536	PA4835
PGD112538	PA4836
PGD112542	PA4838
PGD112544	PA4839
PGD112546	PA4840
PGD112548	PA4841
PGD112550	PA4842
PGD112552	PA4843
PGD112554	PA4844
PGD112558	PA4846
PGD112560	PA4847
PGD112562	PA4848
PGD112564	PA4849
PGD112566	PA4850
PGD112568	PA4851
PGD112570	PA4852
PGD112572	PA4853
PGD112574	PA4854
PGD112576	PA4855
PGD112578	PA4856
PGD112580	PA4857
PGD112582	PA4858
PGD112584	PA4859
PGD112586	PA4860
PGD112588	PA4861
PGD112590	PA4862
PGD112594	PA4864
PGD112596	PA4865
PGD112598	PA4866
PGD112600	PA4867
PGD112602	PA4868
PGD112604	PA4869
PGD112608	PA4871
PGD112610	PA4872
PGD112612	PA4873
PGD112614	PA4874
PGD112616	PA4875
PGD112618	PA4876
PGD112620	PA4877
PGD112622	PA4878
PGD112624	PA4879
PGD112626	PA4880
PGD112628	PA4881
PGD112630	PA4882
PGD112634	PA4884
PGD112642	PA4888
PGD112644	PA4889
PGD112646	PA4890
PGD112648	PA4891
PGD112650	PA4892
PGD112652	PA4893
PGD112654	PA4894
PGD112656	PA4895
PGD112658	PA4896
PGD112660	PA4897
PGD112664	PA4899
PGD112668	PA4901
PGD112670	PA4902
PGD112672	PA4903
PGD112680	PA4907
PGD112684	PA4909
PGD112686	PA4910
PGD112688	PA4911
PGD112690	PA4912
PGD112692	PA4913
PGD112696	PA4915
PGD112698	PA4916
PGD112700	PA4917
PGD112702	PA4918
PGD112706	PA4920
PGD112710	PA4922
PGD112712	PA4923
PGD112714	PA4924
PGD112716	PA4925
PGD112720	PA4927
PGD112722	PA4928
PGD112728	PA4931
PGD112730	PA4932
PGD112732	PA4933
PGD112734	PA4934
PGD112736	PA4935
PGD112738	PA4936
PGD112740	PA4937
PGD112746	PA4938
PGD112748	PA4939
PGD112750	PA4940
PGD112752	PA4941
PGD112754	PA4942
PGD112756	PA4943
PGD112758	PA4944
PGD112760	PA4945
PGD112762	PA4946
PGD112764	PA4947
PGD112766	PA4948
PGD112768	PA4949
PGD112770	PA4950
PGD112772	PA4951
PGD112774	PA4952
PGD112776	PA4953
PGD112778	PA4954
PGD112780	PA4955
PGD112782	PA4956
PGD112784	PA4957
PGD112786	PA4958
PGD112788	PA4959
PGD112790	PA4960
PGD112792	PA4961
PGD112794	PA4962
PGD112796	PA4963
PGD112798	PA4964
PGD112800	PA4965
PGD112802	PA4966
PGD112804	PA4967
PGD112806	PA4968
PGD112808	PA4969
PGD112810	PA4970
PGD112812	PA4971
PGD112814	PA4972
PGD112816	PA4973
PGD112818	PA4974
PGD112822	PA4976
PGD112824	PA4977
PGD112826	PA4978
PGD112828	PA4979
PGD112834	PA4982
PGD112836	PA4983
PGD112840	PA4985
PGD112842	PA4986
PGD112846	PA4988
PGD112850	PA4990
PGD112852	PA4991
PGD112854	PA4992
PGD112856	PA4993
PGD112858	PA4994
PGD112860	PA4995
PGD112862	PA4996
PGD112864	PA4997
PGD112872	PA5001
PGD112874	PA5002
PGD112876	PA5003
PGD112880	PA5005
PGD112882	PA5006
PGD112884	PA5007
PGD112886	PA5008
PGD112888	PA5009
PGD112890	PA5010
PGD112892	PA5011
PGD112894	PA5012
PGD112896	PA5013
PGD112898	PA5014
PGD112900	PA5015
PGD112902	PA5016
PGD112904	PA5017
PGD112906	PA5018
PGD112908	PA5019
PGD112910	PA5020
PGD112912	PA5021
PGD112914	PA5022
PGD112916	PA5023
PGD112918	PA5024
PGD112924	PA5027
PGD112926	PA5028
PGD112930	PA5030
PGD112932	PA5031
PGD112934	PA5032
PGD112936	PA5033
PGD112938	PA5034
PGD112940	PA5035
PGD112942	PA5036
PGD112944	PA5037
PGD112946	PA5038
PGD112948	PA5039
PGD112956	PA5043
PGD112958	PA5044
PGD112960	PA5045
PGD112962	PA5046
PGD112964	PA5047
PGD112966	PA5048
PGD112970	PA5050
PGD112972	PA5051
PGD112976	PA5053
PGD112978	PA5054
PGD112980	PA5055
PGD112984	PA5057
PGD112988	PA5059
PGD112990	PA5060
PGD112992	PA5061
PGD112994	PA5062
PGD112996	PA5063
PGD112998	PA5064
PGD113000	PA5065
PGD113002	PA5066
PGD113004	PA5067
PGD113006	PA5068
PGD113008	PA5069
PGD113010	PA5070
PGD113012	PA5071
PGD113014	PA5072
PGD113016	PA5073
PGD113018	PA5074
PGD113020	PA5075
PGD113022	PA5076
PGD113024	PA5077
PGD113026	PA5078
PGD113028	PA5079
PGD113030	PA5080
PGD113032	PA5081
PGD113034	PA5082
PGD113038	PA5084
PGD113040	PA5085
PGD113042	PA5086
PGD113046	PA5088
PGD113048	PA5089
PGD113052	PA5091
PGD113054	PA5092
PGD113056	PA5093
PGD113062	PA5096
PGD113066	PA5098
PGD113068	PA5099
PGD113070	PA5100
PGD113072	PA5101
PGD113074	PA5102
PGD113076	PA5103
PGD113078	PA5104
PGD113080	PA5105
PGD113082	PA5106
PGD113084	PA5107
PGD113086	PA5108
PGD113090	PA5110
PGD113096	PA5113
PGD113098	PA5114
PGD113100	PA5115
PGD113102	PA5116
PGD113104	PA5117
PGD113106	PA5118
PGD113108	PA5119
PGD113110	PA5120
PGD113112	PA5121
PGD113114	PA5122
PGD113116	PA5123
PGD113118	PA5124
PGD113120	PA5125
PGD113122	PA5126
PGD113124	PA5127
PGD113126	PA5128
PGD113128	PA5129
PGD113130	PA5130
PGD113132	PA5131
PGD113136	PA5133
PGD113138	PA5134
PGD113140	PA5135
PGD113142	PA5136
PGD113144	PA5137
PGD113146	PA5138
PGD113148	PA5139
PGD113150	PA5140
PGD113152	PA5141
PGD113154	PA5142
PGD113156	PA5143
PGD113158	PA5144
PGD113160	PA5145
PGD113162	PA5146
PGD113164	PA5147
PGD113166	PA5148
PGD113174	PA5151
PGD113176	PA5152
PGD113178	PA5153
PGD113182	PA5155
PGD113184	PA5156
PGD113186	PA5157
PGD113188	PA5158
PGD113190	PA5159
PGD5836687	PA5161
PGD113198	PA5162
PGD113200	PA5163
PGD113202	PA5164
PGD113204	PA5165
PGD113206	PA5166
PGD113214	PA5170
PGD113216	PA5171
PGD113218	PA5172
PGD113220	PA5173
PGD113222	PA5174
PGD113224	PA5175
PGD113226	PA5176
PGD113228	PA5177
PGD113230	PA5178
PGD113232	PA5179
PGD113234	PA5180
PGD113236	PA5181
PGD113238	PA5182
PGD113240	PA5183
PGD2173180	PA5183.1
PGD113242	PA5184
PGD113244	PA5185
PGD113250	PA5188
PGD113254	PA5190
PGD113256	PA5191
PGD113258	PA5192
PGD113260	PA5193
PGD113262	PA5194
PGD113264	PA5195
PGD113266	PA5196
PGD113268	PA5197
PGD113270	PA5198
PGD113272	PA5199
PGD113274	PA5200
PGD113276	PA5201
PGD113278	PA5202
PGD113280	PA5203
PGD113282	PA5204
PGD113284	PA5205
PGD113286	PA5206
PGD113290	PA5208
PGD113292	PA5209
PGD113294	PA5210
PGD113296	PA5211
PGD113298	PA5212
PGD113302	PA5214
PGD113304	PA5215
PGD113306	PA5216
PGD113308	PA5217
PGD113310	PA5218
PGD113312	PA5219
PGD113314	PA5220
PGD113316	PA5221
PGD113320	PA5223
PGD113322	PA5224
PGD113324	PA5225
PGD113326	PA5226
PGD113328	PA5227
PGD113330	PA5228
PGD113332	PA5229
PGD113334	PA5230
PGD113336	PA5231
PGD113338	PA5232
PGD113340	PA5233
PGD113342	PA5234
PGD113346	PA5236
PGD113348	PA5237
PGD113350	PA5238
PGD113352	PA5239
PGD113354	PA5240
PGD113356	PA5241
PGD113358	PA5242
PGD113360	PA5243
PGD113362	PA5244
PGD113364	PA5245
PGD113366	PA5246
PGD113368	PA5247
PGD113370	PA5248
PGD113372	PA5249
PGD113376	PA5251
PGD113378	PA5252
PGD113380	PA5253
PGD113382	PA5254
PGD113384	PA5255
PGD113386	PA5256
PGD113388	PA5257
PGD113390	PA5258
PGD113392	PA5259
PGD113394	PA5260
PGD113396	PA5261
PGD113398	PA5262
PGD113400	PA5263
PGD113402	PA5264
PGD113404	PA5265
PGD113410	PA5268
PGD113412	PA5269
PGD113416	PA5271
PGD113418	PA5272
PGD113420	PA5273
PGD113422	PA5274
PGD113424	PA5275
PGD113426	PA5276
PGD113428	PA5277
PGD113430	PA5278
PGD113432	PA5279
PGD113434	PA5280
PGD113436	PA5281
PGD113438	PA5282
PGD113440	PA5283
PGD113444	PA5285
PGD113446	PA5286
PGD113448	PA5287
PGD113450	PA5288
PGD113452	PA5289
PGD113454	PA5290
PGD113458	PA5292
PGD113460	PA5293
PGD113464	PA5295
PGD113466	PA5296
PGD113470	PA5298
PGD113472	PA5299
PGD113474	PA5300
PGD113476	PA5301
PGD113482	PA5304
PGD113484	PA5305
PGD113486	PA5306
PGD113488	PA5307
PGD113490	PA5308
PGD113492	PA5309
PGD113494	PA5310
PGD113496	PA5311
PGD113498	PA5312
PGD113502	PA5314
PGD113504	PA5315
PGD113506	PA5316
PGD113508	PA5317
PGD113510	PA5318
PGD113512	PA5319
PGD113514	PA5320
PGD113516	PA5321
PGD113518	PA5322
PGD113520	PA5323
PGD113526	PA5326
PGD113528	PA5327
PGD113532	PA5329
PGD113534	PA5330
PGD113536	PA5331
PGD113538	PA5332
PGD113540	PA5333
PGD113542	PA5334
PGD113544	PA5335
PGD113546	PA5336
PGD113548	PA5337
PGD113550	PA5338
PGD113552	PA5339
PGD113554	PA5340
PGD113558	PA5342
PGD113560	PA5343
PGD113562	PA5344
PGD113564	PA5345
PGD113566	PA5346
PGD113568	PA5347
PGD113570	PA5348
PGD113572	PA5349
PGD113580	PA5353
PGD113582	PA5354
PGD113584	PA5355
PGD113588	PA5357
PGD113590	PA5358
PGD113592	PA5359
PGD113594	PA5360
PGD113596	PA5361
PGD113598	PA5362
PGD113600	PA5363
PGD113602	PA5364
PGD113604	PA5365
PGD113606	PA5366
PGD113608	PA5367
PGD113610	PA5368
PGD113612	PA5369
PGD113624	PA5370
PGD113626	PA5371
PGD113628	PA5372
PGD113630	PA5373
PGD113634	PA5375
PGD113640	PA5378
PGD113646	PA5381
PGD113648	PA5382
PGD113650	PA5383
PGD113654	PA5385
PGD113656	PA5386
PGD113658	PA5387
PGD113660	PA5388
PGD113662	PA5389
PGD113664	PA5390
PGD113666	PA5391
PGD113672	PA5394
PGD113674	PA5395
PGD113676	PA5396
PGD113678	PA5397
PGD113680	PA5398
PGD113682	PA5399
PGD113684	PA5400
PGD113686	PA5401
PGD113688	PA5402
PGD113690	PA5403
PGD113692	PA5404
PGD113694	PA5405
PGD113696	PA5406
PGD113698	PA5407
PGD113700	PA5408
PGD113702	PA5409
PGD113706	PA5411
PGD113708	PA5412
PGD113712	PA5414
PGD113716	PA5416
PGD113718	PA5417
PGD113720	PA5418
PGD113722	PA5419
PGD113724	PA5420
PGD113728	PA5422
PGD113730	PA5423
PGD113732	PA5424
PGD113734	PA5425
PGD113736	PA5426
PGD113738	PA5427
PGD113740	PA5428
PGD113742	PA5429
PGD113748	PA5432
PGD113752	PA5434
PGD113754	PA5435
PGD113756	PA5436
PGD113758	PA5437
PGD113760	PA5438
PGD113762	PA5439
PGD113764	PA5440
PGD113766	PA5441
PGD113770	PA5443
PGD113772	PA5444
PGD113774	PA5445
PGD113776	PA5446
PGD113782	PA5449
PGD113790	PA5453
PGD113792	PA5454
PGD113794	PA5455
PGD113796	PA5456
PGD113798	PA5457
PGD113804	PA5460
PGD113808	PA5462
PGD113812	PA5464
PGD113816	PA5466
PGD113818	PA5467
PGD113820	PA5468
PGD113824	PA5470
PGD113826	PA5471
PGD277683	PA5471.1
PGD113828	PA5472
PGD113830	PA5473
PGD113832	PA5474
PGD113834	PA5475
PGD113838	PA5477
PGD113840	PA5478
PGD113842	PA5479
PGD113844	PA5480
PGD113846	PA5481
PGD113848	PA5482
PGD113850	PA5483
PGD113852	PA5484
PGD113854	PA5485
PGD113856	PA5486
PGD113858	PA5487
PGD113860	PA5488
PGD113862	PA5489
PGD113864	PA5490
PGD113868	PA5492
PGD113870	PA5493
PGD113872	PA5494
PGD113874	PA5495
PGD113876	PA5496
PGD113878	PA5497
PGD113880	PA5498
PGD113882	PA5499
PGD113884	PA5500
PGD113886	PA5501
PGD113888	PA5502
PGD113890	PA5503
PGD113892	PA5504
PGD113894	PA5505
PGD113896	PA5506
PGD113900	PA5508
PGD113902	PA5509
PGD113904	PA5510
PGD113906	PA5511
PGD113908	PA5512
PGD113910	PA5513
PGD113912	PA5514
PGD113914	PA5515
PGD113916	PA5516
PGD113918	PA5517
PGD113922	PA5519
PGD113924	PA5520
PGD113926	PA5521
PGD113936	PA5526
PGD113938	PA5527
PGD113940	PA5528
PGD113944	PA5530
PGD113946	PA5531
PGD113948	PA5532
PGD113950	PA5533
PGD113952	PA5534
PGD113954	PA5535
PGD113956	PA5536
PGD113958	PA5537
PGD113960	PA5538
PGD113962	PA5539
PGD113964	PA5540
PGD113970	PA5543
PGD113972	PA5544
PGD113976	PA5546
PGD113978	PA5547
PGD113980	PA5548
PGD113982	PA5549
PGD113984	PA5550
PGD113986	PA5551
PGD113988	PA5552
PGD113990	PA5553
PGD113992	PA5554
PGD113994	PA5555
PGD113996	PA5556
PGD133708	PA5557
PGD133706	PA5558
PGD133908	PA5559
PGD133910	PA5560
PGD133904	PA5561
PGD133906	PA5562
PGD133902	PA5563
PGD133898	PA5564
PGD133900	PA5565
PGD133894	PA5566
PGD133896	PA5567
PGD133892	PA5568
PGD133884	PA5569
PGD133886	PA5570
